"STATION","NAME","LATITUDE","LONGITUDE","ELEVATION","DATE","AWND","AWND_ATTRIBUTES","PGTM","PGTM_ATTRIBUTES","PRCP","PRCP_ATTRIBUTES","SNOW","SNOW_ATTRIBUTES","SNWD","SNWD_ATTRIBUTES","TAVG","TAVG_ATTRIBUTES","TMAX","TMAX_ATTRIBUTES","TMIN","TMIN_ATTRIBUTES","TSUN","TSUN_ATTRIBUTES","WDF2","WDF2_ATTRIBUTES","WDF5","WDF5_ATTRIBUTES","WSF2","WSF2_ATTRIBUTES","WSF5","WSF5_ATTRIBUTES","WT01","WT01_ATTRIBUTES","WT02","WT02_ATTRIBUTES","WT03","WT03_ATTRIBUTES","WT04","WT04_ATTRIBUTES","WT05","WT05_ATTRIBUTES","WT06","WT06_ATTRIBUTES","WT08","WT08_ATTRIBUTES"
"USW00094728","NY CITY CENTRAL PARK, NY US","40.77898","-73.96925","42.7","2019-01-01",,,,,"1.5",",,W,2400","0.0",",,W,2400","0.0",",,W,2400",,,"14.4",",,W","3.9",",,W",,,,,,,,,,,"    1",",,W",,,,,,,,,,,,
"USW00094728","NY CITY CENTRAL PARK, NY US","40.77898","-73.96925","42.7","2019-01-02",,,,,"0.0",",,W,2400","0.0",",,W,2400","0.0",",,W,2400",,,"4.4",",,W","1.7",",,W",,,,,,,,,,,,,,,,,,,,,,,,
"USW00094728","NY CITY CENTRAL PARK, NY US","40.77898","-73.96925","42.7","2019-01-03",,,,,"0.0",",,W,2400","0.0",",,W,2400","0.0",",,W,2400",,,"6.7",",,W","2.8",",,W",,,,,,,,,,,,,,,,,,,,,,,,
"USW00094728","NY CITY CENTRAL PARK, NY US","40.77898","-73.96925","42.7","2019-01-04",,,,,"0.0",",,W,2400","0.0",",,W,2400","0.0",",,W,2400",,,"8.3",",,W","1.7",",,W",,,,,,,,,,,,,,,,,,,,,,,,
"USW00094728","NY CITY CENTRAL PARK, NY US","40.77898","-73.96925","42.7","2019-01-05",,,,,"12.7",",,W,2400","0.0",",,W,2400","0.0",",,W,2400",,,"8.3",",,W","5.0",",,W",,,,,,,,,,,"    1",",,W",,,,,,,,,,,,
"USW00094728","NY CITY CENTRAL PARK, NY US","40.77898","-73.96925","42.7","2019-01-06",,,,,"0.0","T,,W,2400","0.0",",,W,2400","0.0",",,W,2400",,,"9.4",",,W","-0.5",",,W",,,,,,,,,,,,,,,,,,,,,,,,
"USW00094728","NY CITY CENTRAL PARK, NY US","40.77898","-73.96925","42.7","2019-01-07",,,,,"0.0",",,W,2400","0.0",",,W,2400","0.0",",,W,2400",,,"1.1",",,W","-3.8",",,W",,,,,,,,,,,,,,,,,,,,,,,,
"USW00094728","NY CITY CENTRAL PARK, NY US","40.77898","-73.96925","42.7","2019-01-08",,,,,"4.3",",,W,2400","0.0","T,,W,2400","0.0",",,W,2400",,,"7.2",",,W","1.1",",,W",,,,,,,,,,,"    1",",,W",,,,,,,,,,,,
"USW00094728","NY CITY CENTRAL PARK, NY US","40.77898","-73.96925","42.7","2019-01-09",,,,,"1.5",",,W,2400","0.0",",,W,2400","0.0",",,W,2400",,,"7.2",",,W","1.1",",,W",,,,,,,,,,,"    1",",,W",,,,,,,,,,,,
"USW00094728","NY CITY CENTRAL PARK, NY US","40.77898","-73.96925","42.7","2019-01-10",,,,,"0.0",",,W,2400","0.0",",,W,2400","0.0",",,W,2400",,,"1.1",",,W","-2.1",",,W",,,,,,,,,,,,,,,,,,,,,,,,
"USW00094728","NY CITY CENTRAL PARK, NY US","40.77898","-73.96925","42.7","2019-01-11",,,,,"0.0",",,W,2400","0.0",",,W,2400","0.0",",,W,2400",,,"-1.0",",,W","-6.0",",,W",,,,,,,,,,,,,,,,,,,,,,,,
"USW00094728","NY CITY CENTRAL PARK, NY US","40.77898","-73.96925","42.7","2019-01-12",,,,,"0.0",",,W,2400","0.0",",,W,2400","0.0",",,W,2400",,,"1.1",",,W","-6.6",",,W",,,,,,,,,,,,,,,,,,,,,,,,
"USW00094728","NY CITY CENTRAL PARK, NY US","40.77898","-73.96925","42.7","2019-01-13",,,,,"0.0","T,,W,2400","0.0","T,,W,2400","0.0",",,W,2400",,,"0.6",",,W","-3.8",",,W",,,,,,,,,,,,,,,,,,,,,,,,
"USW00094728","NY CITY CENTRAL PARK, NY US","40.77898","-73.96925","42.7","2019-01-14",,,,,"0.0",",,W,2400","0.0",",,W,2400","0.0",",,W,2400",,,"0.0",",,W","-5.5",",,W",,,,,,,,,,,,,,,,,,,,,,,,
"USW00094728","NY CITY CENTRAL PARK, NY US","40.77898","-73.96925","42.7","2019-01-15",,,,,"0.0",",,W,2400","0.0",",,W,2400","0.0",",,W,2400",,,"2.2",",,W","-3.8",",,W",,,,,,,,,,,,,,,,,,,,,,,,
"USW00094728","NY CITY CENTRAL PARK, NY US","40.77898","-73.96925","42.7","2019-01-16",,,,,"0.0",",,W,2400","0.0",",,W,2400","0.0",",,W,2400",,,"3.9",",,W","-1.0",",,W",,,,,,,,,,,,,,,,,,,,,,,"    1",",,W"
"USW00094728","NY CITY CENTRAL PARK, NY US","40.77898","-73.96925","42.7","2019-01-17",,,,,"0.0",",,W,2400","0.0",",,W,2400","0.0",",,W,2400",,,"0.6",",,W","-4.3",",,W",,,,,,,,,,,,,,,,,,,,,,,,
"USW00094728","NY CITY CENTRAL PARK, NY US","40.77898","-73.96925","42.7","2019-01-18",,,,,"1.3",",,W,2400","13.0",",,W,2400","30.0",",,W,2400",,,"3.9",",,W","-1.6",",,W",,,,,,,,,,,"    1",",,W",,,,,,,,,,,"    1",",,W"
"USW00094728","NY CITY CENTRAL PARK, NY US","40.77898","-73.96925","42.7","2019-01-19",,,,,"7.4",",,W,2400","5.0",",,W,2400","0.0",",,W,2400",,,"2.8",",,W","0.0",",,W",,,,,,,,,,,"    1",",,W",,,,,,,,,,,,
"USW00094728","NY CITY CENTRAL PARK, NY US","40.77898","-73.96925","42.7","2019-01-20",,,,,"22.4",",,W,2400","0.0",",,W,2400","0.0",",,W,2400",,,"5.6",",,W","-9.9",",,W",,,,,,,,,,,"    1",",,W",,,,,,,,,,,,
"USW00094728","NY CITY CENTRAL PARK, NY US","40.77898","-73.96925","42.7","2019-01-21",,,,,"0.0",",,W,2400","0.0",",,W,2400","0.0",",,W,2400",,,"-9.9",",,W","-15.5",",,W",,,,,,,,,,,,,,,,,,,,,,,,
"USW00094728","NY CITY CENTRAL PARK, NY US","40.77898","-73.96925","42.7","2019-01-22",,,,,"0.0",",,W,2400","0.0",",,W,2400","0.0",",,W,2400",,,"-0.5",",,W","-10.5",",,W",,,,,,,,,,,,,,,,,,,,,,,,
"USW00094728","NY CITY CENTRAL PARK, NY US","40.77898","-73.96925","42.7","2019-01-23",,,,,"0.0","T,,W,2400","0.0",",,W,2400","0.0",",,W,2400",,,"11.1",",,W","-0.5",",,W",,,,,,,,,,,,,,,,,,,,,,,,
"USW00094728","NY CITY CENTRAL PARK, NY US","40.77898","-73.96925","42.7","2019-01-24",,,,,"33.8",",,W,2400","0.0",",,W,2400","0.0",",,W,2400",,,"15.0",",,W","1.7",",,W",,,,,,,,,,,"    1",",,W",,,,,,,,,,,,
"USW00094728","NY CITY CENTRAL PARK, NY US","40.77898","-73.96925","42.7","2019-01-25",,,,,"0.0",",,W,2400","0.0",",,W,2400","0.0",",,W,2400",,,"4.4",",,W","-2.1",",,W",,,,,,,,,,,,,,,,,,,,,,,,
"USW00094728","NY CITY CENTRAL PARK, NY US","40.77898","-73.96925","42.7","2019-01-26",,,,,"0.0",",,W,2400","0.0",",,W,2400","0.0",",,W,2400",,,"1.7",",,W","-4.3",",,W",,,,,,,,,,,,,,,,,,,,,,,,
"USW00094728","NY CITY CENTRAL PARK, NY US","40.77898","-73.96925","42.7","2019-01-27",,,,,"0.0",",,W,2400","0.0",",,W,2400","0.0",",,W,2400",,,"9.4",",,W","0.0",",,W",,,,,,,,,,,,,,,,,,,,,,,,
"USW00094728","NY CITY CENTRAL PARK, NY US","40.77898","-73.96925","42.7","2019-01-28",,,,,"0.0",",,W,2400","0.0",",,W,2400","0.0",",,W,2400",,,"3.3",",,W","-3.8",",,W",,,,,,,,,,,,,,,,,,,,,,,,
"USW00094728","NY CITY CENTRAL PARK, NY US","40.77898","-73.96925","42.7","2019-01-29",,,,,"5.8",",,W,2400","0.0","T,,W,2400","0.0",",,W,2400",,,"6.1",",,W","-3.8",",,W",,,,,,,,,,,"    1",",,W",,,,,,,,,,,,
"USW00094728","NY CITY CENTRAL PARK, NY US","40.77898","-73.96925","42.7","2019-01-30",,,,,"0.3",",,W,2400","10.0",",,W,2400","0.0",",,W,2400",,,"1.7",",,W","-14.3",",,W",,,,,,,,,,,"    1",",,W",,,,,,,,,,,,
"USW00094728","NY CITY CENTRAL PARK, NY US","40.77898","-73.96925","42.7","2019-01-31",,,,,"0.0",",,W,2400","0.0",",,W,2400","0.0",",,W,2400",,,"-8.8",",,W","-16.6",",,W",,,,,,,,,,,,,,,,,,,,,,,,
"USW00094728","NY CITY CENTRAL PARK, NY US","40.77898","-73.96925","42.7","2019-02-01",,,,,"0.0",",,W,2400","0.0",",,W,2400","0.0",",,W,2400",,,"-6.0",",,W","-11.6",",,W",,,,,,,,,,,,,,,,,,,,,,,,
"USW00094728","NY CITY CENTRAL PARK, NY US","40.77898","-73.96925","42.7","2019-02-02",,,,,"0.0",",,W,2400","0.0",",,W,2400","0.0",",,W,2400",,,"1.1",",,W","-8.8",",,W",,,,,,,,,,,,,,,,,,,,,,,,
"USW00094728","NY CITY CENTRAL PARK, NY US","40.77898","-73.96925","42.7","2019-02-03",,,,,"0.0",",,W,2400","0.0",",,W,2400","0.0",",,W,2400",,,"11.7",",,W","0.6",",,W",,,,,,,,,,,,,,,,,,,,,,,"    1",",,W"
"USW00094728","NY CITY CENTRAL PARK, NY US","40.77898","-73.96925","42.7","2019-02-04",,,,,"0.0",",,W,2400","0.0",",,W,2400","0.0",",,W,2400",,,"16.1",",,W","5.0",",,W",,,,,,,,,,,,,,,,,,,,,,,,
"USW00094728","NY CITY CENTRAL PARK, NY US","40.77898","-73.96925","42.7","2019-02-05",,,,,"0.0",",,W,2400","0.0",",,W,2400","0.0",",,W,2400",,,"18.3",",,W","6.7",",,W",,,,,,,,,,,,,,,,,,,,,,,,
"USW00094728","NY CITY CENTRAL PARK, NY US","40.77898","-73.96925","42.7","2019-02-06",,,,,"11.4",",,W,2400","0.0",",,W,2400","0.0",",,W,2400",,,"7.8",",,W","1.7",",,W",,,,,,,,,,,"    1",",,W",,,,,,,,,,,,
"USW00094728","NY CITY CENTRAL PARK, NY US","40.77898","-73.96925","42.7","2019-02-07",,,,,"1.8",",,W,2400","0.0",",,W,2400","0.0",",,W,2400",,,"6.7",",,W","3.9",",,W",,,,,,,,,,,"    1",",,W",,,,,,,,,,,,
"USW00094728","NY CITY CENTRAL PARK, NY US","40.77898","-73.96925","42.7","2019-02-08",,,,,"9.4",",,W,2400","0.0",",,W,2400","0.0",",,W,2400",,,"12.8",",,W","0.0",",,W",,,,,,,,,,,"    1",",,W",,,,,,,,,,,,
"USW00094728","NY CITY CENTRAL PARK, NY US","40.77898","-73.96925","42.7","2019-02-09",,,,,"0.0",",,W,2400","0.0",",,W,2400","0.0",",,W,2400",,,"0.0",",,W","-4.9",",,W",,,,,,,,,,,,,,,,,,,,,,,,
"USW00094728","NY CITY CENTRAL PARK, NY US","40.77898","-73.96925","42.7","2019-02-10",,,,,"0.0",",,W,2400","0.0",",,W,2400","0.0",",,W,2400",,,"1.7",",,W","-4.9",",,W",,,,,,,,,,,,,,,,,,,,,,,,
"USW00094728","NY CITY CENTRAL PARK, NY US","40.77898","-73.96925","42.7","2019-02-11",,,,,"0.0","T,,W,2400","0.0","T,,W,2400","0.0",",,W,2400",,,"3.3",",,W","-1.0",",,W",,,,,,,,,,,,,,,,,,,,,,,,
"USW00094728","NY CITY CENTRAL PARK, NY US","40.77898","-73.96925","42.7","2019-02-12",,,,,"19.1",",,W,2400","30.0",",,W,2400","0.0",",,W,2400",,,"2.2",",,W","-3.2",",,W",,,,,,,,,,,"    1",",,W",,,,,,,,,"    1",",,W",,
"USW00094728","NY CITY CENTRAL PARK, NY US","40.77898","-73.96925","42.7","2019-02-13",,,,,"2.0",",,W,2400","0.0","T,,W,2400","30.0",",,W,2400",,,"5.0",",,W","0.6",",,W",,,,,,,,,,,"    1",",,W",,,,,,,,,,,,
"USW00094728","NY CITY CENTRAL PARK, NY US","40.77898","-73.96925","42.7","2019-02-14",,,,,"0.0","T,,W,2400","0.0","T,,W,2400","0.0",",,W,2400",,,"7.8",",,W","0.6",",,W",,,,,,,,,,,,,,,,,,,,,,,,
"USW00094728","NY CITY CENTRAL PARK, NY US","40.77898","-73.96925","42.7","2019-02-15",,,,,"0.0",",,W,2400","0.0",",,W,2400","0.0",",,W,2400",,,"15.0",",,W","5.6",",,W",,,,,,,,,,,,,,,,,,,,,,,,
"USW00094728","NY CITY CENTRAL PARK, NY US","40.77898","-73.96925","42.7","2019-02-16",,,,,"0.0",",,W,2400","0.0",",,W,2400","0.0",",,W,2400",,,"8.3",",,W","0.0",",,W",,,,,,,,,,,,,,,,,,,,,,,,
"USW00094728","NY CITY CENTRAL PARK, NY US","40.77898","-73.96925","42.7","2019-02-17",,,,,"1.0",",,W,2400","0.0",",,W,2400","0.0",",,W,2400",,,"3.3",",,W","-3.2",",,W",,,,,,,,,,,"    1",",,W",,,,,,,,,,,,
"USW00094728","NY CITY CENTRAL PARK, NY US","40.77898","-73.96925","42.7","2019-02-18",,,,,"2.3",",,W,2400","0.0",",,W,2400","0.0",",,W,2400",,,"5.6",",,W","-3.2",",,W",,,,,,,,,,,"    1",",,W",,,,,,,,,,,,
"USW00094728","NY CITY CENTRAL PARK, NY US","40.77898","-73.96925","42.7","2019-02-19",,,,,"0.0",",,W,2400","0.0",",,W,2400","0.0",",,W,2400",,,"2.2",",,W","-4.9",",,W",,,,,,,,,,,,,,,,,,,,,,,,
"USW00094728","NY CITY CENTRAL PARK, NY US","40.77898","-73.96925","42.7","2019-02-20",,,,,"14.5",",,W,2400","33.0",",,W,2400","0.0",",,W,2400",,,"0.6",",,W","-3.2",",,W",,,,,,,,,,,"    1",",,W","    1",",,W",,,,,,,"    1",",,W",,
"USW00094728","NY CITY CENTRAL PARK, NY US","40.77898","-73.96925","42.7","2019-02-21",,,,,"2.5",",,W,2400","0.0",",,W,2400","30.0",",,W,2400",,,"11.1",",,W","0.6",",,W",,,,,,,,,,,"    1",",,W",,,,,,,,,"    1",",,W",,
"USW00094728","NY CITY CENTRAL PARK, NY US","40.77898","-73.96925","42.7","2019-02-22",,,,,"0.0",",,W,2400","0.0",",,W,2400","0.0",",,W,2400",,,"6.7",",,W","2.2",",,W",,,,,,,,,,,,,,,,,,,,,,,,
"USW00094728","NY CITY CENTRAL PARK, NY US","40.77898","-73.96925","42.7","2019-02-23",,,,,"0.3",",,W,2400","0.0",",,W,2400","0.0",",,W,2400",,,"5.6",",,W","0.0",",,W",,,,,,,,,,,"    1",",,W",,,,,,,,,,,,
"USW00094728","NY CITY CENTRAL PARK, NY US","40.77898","-73.96925","42.7","2019-02-24",,,,,"14.7",",,W,2400","0.0",",,W,2400","0.0",",,W,2400",,,"8.3",",,W","2.2",",,W",,,,,,,,,,,"    1",",,W",,,,,,,,,,,,
"USW00094728","NY CITY CENTRAL PARK, NY US","40.77898","-73.96925","42.7","2019-02-25",,,,,"0.0","T,,W,2400","0.0",",,W,2400","0.0",",,W,2400",,,"6.1",",,W","-2.1",",,W",,,,,,,,,,,,,,,,,,,,,,,,
"USW00094728","NY CITY CENTRAL PARK, NY US","40.77898","-73.96925","42.7","2019-02-26",,,,,"0.0",",,W,2400","0.0",",,W,2400","0.0",",,W,2400",,,"2.2",",,W","-3.8",",,W",,,,,,,,,,,,,,,,,,,,,,,,
"USW00094728","NY CITY CENTRAL PARK, NY US","40.77898","-73.96925","42.7","2019-02-27",,,,,"0.0","T,,W,2400","0.0","T,,W,2400","0.0",",,W,2400",,,"-0.5",",,W","-4.9",",,W",,,,,,,,,,,,,,,,,,,,,,,,
"USW00094728","NY CITY CENTRAL PARK, NY US","40.77898","-73.96925","42.7","2019-02-28",,,,,"0.8",",,W,2400","3.0",",,W,2400","0.0","T,,W,2400",,,"2.8",",,W","-2.7",",,W",,,,,,,,,,,"    1",",,W",,,,,,,,,,,,
"USW00094728","NY CITY CENTRAL PARK, NY US","40.77898","-73.96925","42.7","2019-03-01",,,,,"2.8",",,W,2400","36.0",",,W,2400","30.0",",,W,2400",,,"1.7",",,W","-3.2",",,W",,,,,,,,,,,"    1",",,W","    1",",,W",,,,,,,,,"    1",",,W"
"USW00094728","NY CITY CENTRAL PARK, NY US","40.77898","-73.96925","42.7","2019-03-02",,,,,"13.5",",,W,2400","102.0",",,W,2400","100.0",",,W,2400",,,"5.0",",,W","-0.5",",,W",,,,,,,,,,,"    1",",,W",,,,,,,,,,,"    1",",,W"
"USW00094728","NY CITY CENTRAL PARK, NY US","40.77898","-73.96925","42.7","2019-03-03",,,,,"13.2",",,W,2400","76.0",",,W,2400","30.0",",,W,2400",,,"5.6",",,W","0.6",",,W",,,,,,,,,,,"    1",",,W","    1",",,W",,,,,,,,,,
"USW00094728","NY CITY CENTRAL PARK, NY US","40.77898","-73.96925","42.7","2019-03-04",,,,,"7.4",",,W,2400","51.0",",,W,2400","100.0",",,W,2400",,,"3.3",",,W","-2.1",",,W",,,,,,,,,,,"    1",",,W","    1",",,W",,,,,,,,,,
"USW00094728","NY CITY CENTRAL PARK, NY US","40.77898","-73.96925","42.7","2019-03-05",,,,,"0.0",",,W,2400","0.0",",,W,2400","50.0",",,W,2400",,,"0.0",",,W","-6.6",",,W",,,,,,,,,,,,,,,,,,,,,,,,
"USW00094728","NY CITY CENTRAL PARK, NY US","40.77898","-73.96925","42.7","2019-03-06",,,,,"0.0","T,,W,2400","0.0","T,,W,2400","30.0",",,W,2400",,,"-3.2",",,W","-7.1",",,W",,,,,,,,,,,,,,,,,,,,,,,,
"USW00094728","NY CITY CENTRAL PARK, NY US","40.77898","-73.96925","42.7","2019-03-07",,,,,"0.0",",,W,2400","0.0",",,W,2400","30.0",",,W,2400",,,"0.0",",,W","-7.7",",,W",,,,,,,,,,,,,,,,,,,,,,,,
"USW00094728","NY CITY CENTRAL PARK, NY US","40.77898","-73.96925","42.7","2019-03-08",,,,,"0.0",",,W,2400","0.0",",,W,2400","0.0",",,W,2400",,,"3.9",",,W","-4.3",",,W",,,,,,,,,,,,,,,,,,,,,,,,
"USW00094728","NY CITY CENTRAL PARK, NY US","40.77898","-73.96925","42.7","2019-03-09",,,,,"0.0",",,W,2400","0.0",",,W,2400","0.0",",,W,2400",,,"9.4",",,W","1.1",",,W",,,,,,,,,,,,,,,,,,,,,,,,
"USW00094728","NY CITY CENTRAL PARK, NY US","40.77898","-73.96925","42.7","2019-03-10",,,,,"13.7",",,W,2400","0.0",",,W,2400","0.0",",,W,2400",,,"6.1",",,W","1.7",",,W",,,,,,,,,,,"    1",",,W",,,,,,,,,,,"    1",",,W"
"USW00094728","NY CITY CENTRAL PARK, NY US","40.77898","-73.96925","42.7","2019-03-11","4.1",",,W",,,"0.0",",,W,2400","0.0",",,W,2400","0.0",",,W,2400",,,"11.7",",,W","3.9",",,W",,,"  340",",,W","   20",",,W","7.6",",,W","11.6",",,W",,,,,,,,,,,,,,
"USW00094728","NY CITY CENTRAL PARK, NY US","40.77898","-73.96925","42.7","2019-03-12","4.0",",,W",,,"0.0",",,W,2400","0.0",",,W,2400","0.0",",,W,2400",,,"6.7",",,W","1.1",",,W",,,"  290",",,W","  290",",,W","7.6",",,W","13.4",",,W",,,,,,,,,,,,,,
"USW00094728","NY CITY CENTRAL PARK, NY US","40.77898","-73.96925","42.7","2019-03-13","1.1",",,W",,,"0.0",",,W,2400","0.0",",,W,2400","0.0",",,W,2400",,,"9.4",",,W","0.0",",,W",,,"  130",",,W","  140",",,W","3.6",",,W","6.7",",,W",,,,,,,,,,,,,"    1",",,W"
"USW00094728","NY CITY CENTRAL PARK, NY US","40.77898","-73.96925","42.7","2019-03-14","1.3",",,W",,,"0.0",",,W,2400","0.0",",,W,2400","0.0",",,W,2400",,,"13.9",",,W","5.6",",,W",,,"  140",",,W","  150",",,W","4.5",",,W","8.5",",,W",,,,,,,,,,,,,,
"USW00094728","NY CITY CENTRAL PARK, NY US","40.77898","-73.96925","42.7","2019-03-15","1.0",",,W",,,"9.9",",,W,2400","0.0",",,W,2400","0.0",",,W,2400",,,"23.9",",,W","9.4",",,W",,,"  270",",,W","  230",",,W","6.3",",,W","10.3",",,W","    1",",,W",,,"    1",",,W",,,,,,,,
"USW00094728","NY CITY CENTRAL PARK, NY US","40.77898","-73.96925","42.7","2019-03-16","4.5",",,W",,,"0.0",",,W,2400","0.0",",,W,2400","0.0",",,W,2400",,,"14.4",",,W","2.8",",,W",,,"  280",",,W","  280",",,W","8.9",",,W","14.8",",,W",,,,,,,,,,,,,,
"USW00094728","NY CITY CENTRAL PARK, NY US","40.77898","-73.96925","42.7","2019-03-17","2.8",",,W",,,"0.0",",,W,2400","0.0",",,W,2400","0.0",",,W,2400",,,"7.2",",,W","1.1",",,W",,,"  280",",,W","  280",",,W","6.3",",,W","9.8",",,W",,,,,,,,,,,,,,
"USW00094728","NY CITY CENTRAL PARK, NY US","40.77898","-73.96925","42.7","2019-03-18","0.9",",,W",,,"0.0",",,W,2400","0.0",",,W,2400","0.0",",,W,2400",,,"7.8",",,W","0.0",",,W",,,"  310",",,W","  280",",,W","4.5",",,W","8.5",",,W",,,,,,,,,,,,,,
"USW00094728","NY CITY CENTRAL PARK, NY US","40.77898","-73.96925","42.7","2019-03-19","1.4",",,W",,,"0.0",",,W,2400","0.0",",,W,2400","0.0",",,W,2400",,,"10.6",",,W","1.7",",,W",,,"  260",",,W","  280",",,W","4.5",",,W","8.1",",,W",,,,,,,,,,,,,,
"USW00094728","NY CITY CENTRAL PARK, NY US","40.77898","-73.96925","42.7","2019-03-20","1.3",",,W",,,"0.0",",,W,2400","0.0",",,W,2400","0.0",",,W,2400",,,"11.7",",,W","2.8",",,W",,,"  200",",,W","  180",",,W","4.5",",,W","8.9",",,W",,,,,,,,,,,,,,
"USW00094728","NY CITY CENTRAL PARK, NY US","40.77898","-73.96925","42.7","2019-03-21","3.5",",,W",,,"19.1",",,W,2400","0.0",",,W,2400","0.0",",,W,2400",,,"7.8",",,W","5.0",",,W",,,"   50",",,W","   40",",,W","7.6",",,W","11.2",",,W","    1",",,W",,,,,,,,,,,,
"USW00094728","NY CITY CENTRAL PARK, NY US","40.77898","-73.96925","42.7","2019-03-22","4.8",",,W",,,"17.3",",,W,2400","0.0",",,W,2400","0.0",",,W,2400",,,"9.4",",,W","3.3",",,W",,,"   40",",,W","   40",",,W","9.4",",,W","17.4",",,W","    1",",,W",,,,,,,,,,,,
"USW00094728","NY CITY CENTRAL PARK, NY US","40.77898","-73.96925","42.7","2019-03-23","4.4",",,W",,,"0.0",",,W,2400","0.0",",,W,2400","0.0",",,W,2400",,,"8.9",",,W","1.7",",,W",,,"  270",",,W","  260",",,W","10.3",",,W","16.1",",,W",,,,,,,,,,,,,,
"USW00094728","NY CITY CENTRAL PARK, NY US","40.77898","-73.96925","42.7","2019-03-24","2.0",",,W",,,"0.0",",,W,2400","0.0",",,W,2400","0.0",",,W,2400",,,"15.6",",,W","3.3",",,W",,,"  260",",,W","  260",",,W","5.8",",,W","10.3",",,W",,,,,,,,,,,,,,
"USW00094728","NY CITY CENTRAL PARK, NY US","40.77898","-73.96925","42.7","2019-03-25","1.9",",,W",,,"0.0","T,,W,2400","0.0",",,W,2400","0.0",",,W,2400",,,"13.3",",,W","5.6",",,W",,,"   20",",,W","   20",",,W","5.8",",,W","7.6",",,W",,,,,,,,,,,,,,
"USW00094728","NY CITY CENTRAL PARK, NY US","40.77898","-73.96925","42.7","2019-03-26","3.5",",,W",,,"0.0",",,W,2400","0.0",",,W,2400","0.0",",,W,2400",,,"9.4",",,W","0.6",",,W",,,"   10",",,W","  360",",,W","7.2",",,W","11.2",",,W",,,,,,,,,,,,,,
"USW00094728","NY CITY CENTRAL PARK, NY US","40.77898","-73.96925","42.7","2019-03-27","1.8",",,W",,,"0.0",",,W,2400","0.0",",,W,2400","0.0",",,W,2400",,,"8.3",",,W","1.1",",,W",,,"   30",",,W","   20",",,W","6.7",",,W","9.4",",,W",,,,,,,,,,,,,,
"USW00094728","NY CITY CENTRAL PARK, NY US","40.77898","-73.96925","42.7","2019-03-28","0.7",",,W",,,"0.0","T,,W,2400","0.0",",,W,2400","0.0",",,W,2400",,,"11.7",",,W","2.8",",,W",,,"  150",",,W","  150",",,W","4.0",",,W","7.6",",,W",,,,,,,,,,,,,,
"USW00094728","NY CITY CENTRAL PARK, NY US","40.77898","-73.96925","42.7","2019-03-29","0.9",",,W",,,"0.0","T,,W,2400","0.0",",,W,2400","0.0",",,W,2400",,,"15.0",",,W","9.4",",,W",,,"  250",",,W","  230",",,W","4.5",",,W","7.2",",,W",,,,,,,,,,,,,,
"USW00094728","NY CITY CENTRAL PARK, NY US","40.77898","-73.96925","42.7","2019-03-30","1.5",",,W",,,"0.0",",,W,2400","0.0",",,W,2400","0.0",",,W,2400",,,"21.1",",,W","11.1",",,W",,,"  170",",,W","  170",",,W","4.0",",,W","8.5",",,W",,,,,,,,,,,,,,
"USW00094728","NY CITY CENTRAL PARK, NY US","40.77898","-73.96925","42.7","2019-03-31","2.6",",,W",,,"1.5",",,W,2400","0.0",",,W,2400","0.0",",,W,2400",,,"18.3",",,W","3.9",",,W",,,"  290",",,W","  290",",,W","7.2",",,W","12.5",",,W",,,,,,,,,,,,,"    1",",,W"
"USW00094728","NY CITY CENTRAL PARK, NY US","40.77898","-73.96925","42.7","2019-04-01","3.2",",,W",,,"0.0",",,W,2400","0.0",",,W,2400","0.0",",,W,2400",,,"7.8",",,W","0.6",",,W",,,"  270",",,W","  310",",,W","7.2",",,W","13.0",",,W",,,,,,,,,,,,,,
"USW00094728","NY CITY CENTRAL PARK, NY US","40.77898","-73.96925","42.7","2019-04-02","2.0",",,W",,,"0.0","T,,W,2400","0.0",",,W,2400","0.0",",,W,2400",,,"11.1",",,W","3.9",",,W",,,"   50",",,W","   50",",,W","6.3",",,W","9.4",",,W",,,,,,,,,,,,,,
"USW00094728","NY CITY CENTRAL PARK, NY US","40.77898","-73.96925","42.7","2019-04-03","3.3",",,W",,,"0.0",",,W,2400","0.0",",,W,2400","0.0",",,W,2400",,,"19.4",",,W","5.0",",,W",,,"  270",",,W","  270",",,W","9.8",",,W","17.0",",,W",,,,,,,,,,,,,,
"USW00094728","NY CITY CENTRAL PARK, NY US","40.77898","-73.96925","42.7","2019-04-04","3.0",",,W",,,"0.0",",,W,2400","0.0",",,W,2400","0.0",",,W,2400",,,"15.6",",,W","6.7",",,W",,,"  290",",,W","  300",",,W","6.7",",,W","12.1",",,W",,,,,,,,,,,,,,
"USW00094728","NY CITY CENTRAL PARK, NY US","40.77898","-73.96925","42.7","2019-04-05","2.6",",,W",,,"5.1",",,W,2400","0.0",",,W,2400","0.0",",,W,2400",,,"7.2",",,W","3.3",",,W",,,"   50",",,W","   60",",,W","7.2",",,W","9.8",",,W","    1",",,W",,,,,,,,,,,,
"USW00094728","NY CITY CENTRAL PARK, NY US","40.77898","-73.96925","42.7","2019-04-06","1.5",",,W",,,"0.0",",,W,2400","0.0",",,W,2400","0.0",",,W,2400",,,"20.0",",,W","3.9",",,W",,,"  300",",,W","  300",",,W","5.8",",,W","8.5",",,W","    1",",,W",,,,,,,,,,,"    1",",,W"
"USW00094728","NY CITY CENTRAL PARK, NY US","40.77898","-73.96925","42.7","2019-04-07","0.7",",,W",,,"0.0",",,W,2400","0.0",",,W,2400","0.0",",,W,2400",,,"18.9",",,W","10.6",",,W",,,"  190",",,W","  190",",,W","4.0",",,W","8.9",",,W",,,,,,,,,,,,,,
"USW00094728","NY CITY CENTRAL PARK, NY US","40.77898","-73.96925","42.7","2019-04-08","1.6",",,W",,,"6.6",",,W,2400","0.0",",,W,2400","0.0",",,W,2400",,,"26.1",",,W","9.4",",,W",,,"   50",",,W","  250",",,W","6.7",",,W","10.3",",,W","    1",",,W",,,,,,,,,,,"    1",",,W"
"USW00094728","NY CITY CENTRAL PARK, NY US","40.77898","-73.96925","42.7","2019-04-09","1.3",",,W",,,"0.8",",,W,2400","0.0",",,W,2400","0.0",",,W,2400",,,"10.6",",,W","7.8",",,W",,,"   90",",,W","  140",",,W","4.5",",,W","7.6",",,W","    1",",,W",,,"    1",",,W",,,,,,,"    1",",,W"
"USW00094728","NY CITY CENTRAL PARK, NY US","40.77898","-73.96925","42.7","2019-04-10","2.9",",,W",,,"0.0",",,W,2400","0.0",",,W,2400","0.0",",,W,2400",,,"15.6",",,W","7.2",",,W",,,"  300",",,W","  290",",,W","6.3",",,W","11.2",",,W","    1",",,W",,,,,,,,,,,"    1",",,W"
"USW00094728","NY CITY CENTRAL PARK, NY US","40.77898","-73.96925","42.7","2019-04-11","1.4",",,W",,,"0.0",",,W,2400","0.0",",,W,2400","0.0",",,W,2400",,,"12.8",",,W","4.4",",,W",,,"   20",",,W","   20",",,W","6.3",",,W","9.8",",,W",,,,,,,,,,,,,,
"USW00094728","NY CITY CENTRAL PARK, NY US","40.77898","-73.96925","42.7","2019-04-12","1.7",",,W",,,"16.0",",,W,2400","0.0",",,W,2400","0.0",",,W,2400",,,"20.0",",,W","7.8",",,W",,,"   50",",,W","  190",",,W","4.0",",,W","7.2",",,W","    1",",,W",,,,,,,,,,,,
"USW00094728","NY CITY CENTRAL PARK, NY US","40.77898","-73.96925","42.7","2019-04-13","1.3",",,W",,,"6.1",",,W,2400","0.0",",,W,2400","0.0",",,W,2400",,,"25.0",",,W","15.0",",,W",,,"  260",",,W","  190",",,W","4.0",",,W","9.8",",,W","    1",",,W",,,,,,,,,,,"    1",",,W"
"USW00094728","NY CITY CENTRAL PARK, NY US","40.77898","-73.96925","42.7","2019-04-14","0.7",",,W",,,"0.3",",,W,2400","0.0",",,W,2400","0.0",",,W,2400",,,"22.8",",,W","15.6",",,W",,,"  240",",,W","  170",",,W","4.0",",,W","7.2",",,W","    1",",,W",,,,,,,,,,,"    1",",,W"
"USW00094728","NY CITY CENTRAL PARK, NY US","40.77898","-73.96925","42.7","2019-04-15","3.8",",,W",,,"24.4",",,W,2400","0.0",",,W,2400","0.0",",,W,2400",,,"18.3",",,W","7.8",",,W",,,"  270",",,W","  280",",,W","10.7",",,W","17.4",",,W","    1",",,W",,,"    1",",,W",,,,,,,,
"USW00094728","NY CITY CENTRAL PARK, NY US","40.77898","-73.96925","42.7","2019-04-16","4.2",",,W",,,"0.0","T,,W,2400","0.0",",,W,2400","0.0",",,W,2400",,,"18.9",",,W","6.7",",,W",,,"  280",",,W","  270",",,W","7.6",",,W","13.9",",,W",,,,,,,,,,,,,,
"USW00094728","NY CITY CENTRAL PARK, NY US","40.77898","-73.96925","42.7","2019-04-17","1.4",",,W",,,"0.3",",,W,2400","0.0",",,W,2400","0.0",",,W,2400",,,"17.2",",,W","8.9",",,W",,,"   50",",,W","  190",",,W","5.4",",,W","7.2",",,W",,,,,,,,,,,,,,
"USW00094728","NY CITY CENTRAL PARK, NY US","40.77898","-73.96925","42.7","2019-04-18","1.6",",,W",,,"0.0","T,,W,2400","0.0",",,W,2400","0.0",",,W,2400",,,"16.7",",,W","10.6",",,W",,,"  130",",,W","  140",",,W","4.5",",,W","8.9",",,W",,,,,,,,,,,,,,
"USW00094728","NY CITY CENTRAL PARK, NY US","40.77898","-73.96925","42.7","2019-04-19","1.5",",,W",,,"0.3",",,W,2400","0.0",",,W,2400","0.0",",,W,2400",,,"26.7",",,W","14.4",",,W",,,"  160",",,W","  140",",,W","4.0",",,W","8.1",",,W","    1",",,W",,,,,,,,,,,"    1",",,W"
"USW00094728","NY CITY CENTRAL PARK, NY US","40.77898","-73.96925","42.7","2019-04-20","1.7",",,W",,,"17.8",",,W,2400","0.0",",,W,2400","0.0",",,W,2400",,,"17.8",",,W","12.8",",,W",,,"  160",",,W",,,"3.1",",,W",,,,,,,,,,,,,,,"    1",",,W"
"USW00094728","NY CITY CENTRAL PARK, NY US","40.77898","-73.96925","42.7","2019-04-21","1.5",",,W",,,"0.0",",,W,2400","0.0",",,W,2400","0.0",",,W,2400",,,"18.9",",,W","11.7",",,W",,,"  150",",,W","  150",",,W","4.5",",,W","8.5",",,W",,,,,,,,,,,,,,
"USW00094728","NY CITY CENTRAL PARK, NY US","40.77898","-73.96925","42.7","2019-04-22","2.0",",,W",,,"6.1",",,W,2400","0.0",",,W,2400","0.0",",,W,2400",,,"17.8",",,W","11.1",",,W",,,"  360",",,W","   50",",,W","5.4",",,W","8.9",",,W","    1",",,W",,,,,,,,,,,"    1",",,W"
"USW00094728","NY CITY CENTRAL PARK, NY US","40.77898","-73.96925","42.7","2019-04-23","0.9",",,W",,,"2.0",",,W,2400","0.0",",,W,2400","0.0",",,W,2400",,,"25.0",",,W","13.3",",,W",,,"  140",",,W","  220",",,W","4.0",",,W","7.2",",,W","    1",",,W",,,,,,,,,,,,
"USW00094728","NY CITY CENTRAL PARK, NY US","40.77898","-73.96925","42.7","2019-04-24","2.6",",,W",,,"0.0","T,,W,2400","0.0",",,W,2400","0.0",",,W,2400",,,"20.6",",,W","12.8",",,W",,,"  300",",,W","  300",",,W","6.7",",,W","10.7",",,W",,,,,,,,,,,,,,
"USW00094728","NY CITY CENTRAL PARK, NY US","40.77898","-73.96925","42.7","2019-04-25","1.5",",,W",,,"0.5",",,W,2400","0.0",",,W,2400","0.0",",,W,2400",,,"18.9",",,W","8.9",",,W",,,"   40",",,W","   60",",,W","4.5",",,W","7.2",",,W",,,,,,,,,,,,,,
"USW00094728","NY CITY CENTRAL PARK, NY US","40.77898","-73.96925","42.7","2019-04-26","2.2",",,W",,,"26.2",",,W,2400","0.0",",,W,2400","0.0",",,W,2400",,,"15.0",",,W","10.6",",,W",,,"   50",",,W","  270",",,W","6.3",",,W","10.3",",,W","    1",",,W","    1",",,W",,,,,,,,,,
"USW00094728","NY CITY CENTRAL PARK, NY US","40.77898","-73.96925","42.7","2019-04-27","3.1",",,W",,,"1.8",",,W,2400","0.0",",,W,2400","0.0",",,W,2400",,,"14.4",",,W","8.3",",,W",,,"  270",",,W","  290",",,W","9.4",",,W","15.2",",,W","    1",",,W",,,,,,,,,,,,
"USW00094728","NY CITY CENTRAL PARK, NY US","40.77898","-73.96925","42.7","2019-04-28","1.7",",,W",,,"0.3",",,W,2400","0.0",",,W,2400","0.0",",,W,2400",,,"11.7",",,W","7.2",",,W",,,"  360",",,W","  360",",,W","5.4",",,W","8.9",",,W",,,,,,,,,,,,,,
"USW00094728","NY CITY CENTRAL PARK, NY US","40.77898","-73.96925","42.7","2019-04-29","1.2",",,W",,,"0.3",",,W,2400","0.0",",,W,2400","0.0",",,W,2400",,,"15.6",",,W","5.0",",,W",,,"  140",",,W","  160",",,W","4.5",",,W","7.2",",,W","    1",",,W",,,,,,,,,,,,
"USW00094728","NY CITY CENTRAL PARK, NY US","40.77898","-73.96925","42.7","2019-04-30","0.9",",,W",,,"1.0",",,W,2400","0.0",",,W,2400","0.0",",,W,2400",,,"15.6",",,W","8.9",",,W",,,"   60",",,W","   60",",,W","4.5",",,W","6.3",",,W","    1",",,W",,,,,,,,,,,"    1",",,W"
"USW00094728","NY CITY CENTRAL PARK, NY US","40.77898","-73.96925","42.7","2019-05-01","1.1",",,W",,,"0.0",",,W,2400","0.0",",,W,2400","0.0",",,W,2400",,,"13.3",",,W","10.0",",,W",,,"  140",",,W","  140",",,W","4.0",",,W","7.2",",,W","    1",",,W",,,,,,,,,,,,
"USW00094728","NY CITY CENTRAL PARK, NY US","40.77898","-73.96925","42.7","2019-05-02","1.2",",,W",,,"0.3",",,W,2400","0.0",",,W,2400","0.0",",,W,2400",,,"25.6",",,W","10.0",",,W",,,"  130",",,W","  140",",,W","5.4",",,W","9.4",",,W","    1",",,W",,,,,,,,,,,"    1",",,W"
"USW00094728","NY CITY CENTRAL PARK, NY US","40.77898","-73.96925","42.7","2019-05-03","1.1",",,W",,,"1.5",",,W,2400","0.0",",,W,2400","0.0",",,W,2400",,,"13.3",",,W","10.0",",,W",,,"   40",",,W","   90",",,W","4.0",",,W","5.8",",,W","    1",",,W",,,"    1",",,W",,,,,,,"    1",",,W"
"USW00094728","NY CITY CENTRAL PARK, NY US","40.77898","-73.96925","42.7","2019-05-04","0.5",",,W",,,"2.8",",,W,2400","0.0",",,W,2400","0.0",",,W,2400",,,"21.7",",,W","11.7",",,W",,,"   50",",,W","   80",",,W","3.1",",,W","4.9",",,W","    1",",,W",,,,,,,,,,,"    1",",,W"
"USW00094728","NY CITY CENTRAL PARK, NY US","40.77898","-73.96925","42.7","2019-05-05","3.2",",,W",,,"33.3",",,W,2400","0.0",",,W,2400","0.0",",,W,2400",,,"14.4",",,W","10.6",",,W",,,"   50",",,W","   50",",,W","7.6",",,W","11.6",",,W","    1",",,W",,,,,,,,,,,,
"USW00094728","NY CITY CENTRAL PARK, NY US","40.77898","-73.96925","42.7","2019-05-06","1.8",",,W",,,"0.0",",,W,2400","0.0",",,W,2400","0.0",",,W,2400",,,"23.3",",,W","10.6",",,W",,,"   40",",,W","   40",",,W","5.8",",,W","8.5",",,W",,,,,,,,,,,,,,
"USW00094728","NY CITY CENTRAL PARK, NY US","40.77898","-73.96925","42.7","2019-05-07","0.6",",,W",,,"2.8",",,W,2400","0.0",",,W,2400","0.0",",,W,2400",,,"21.1",",,W","11.1",",,W",,,"  360",",,W","  150",",,W","4.0",",,W","6.7",",,W","    1",",,W",,,,,,,,,,,,
"USW00094728","NY CITY CENTRAL PARK, NY US","40.77898","-73.96925","42.7","2019-05-08","2.0",",,W",,,"0.0",",,W,2400","0.0",",,W,2400","0.0",",,W,2400",,,"21.7",",,W","12.8",",,W",,,"   30",",,W","   50",",,W","4.5",",,W","7.6",",,W","    1",",,W",,,,,,,,,,,,
"USW00094728","NY CITY CENTRAL PARK, NY US","40.77898","-73.96925","42.7","2019-05-09","2.5",",,W",,,"0.0",",,W,2400","0.0",",,W,2400","0.0",",,W,2400",,,"16.1",",,W","11.7",",,W",,,"   50",",,W","   50",",,W","7.2",",,W","11.2",",,W",,,,,,,,,,,,,,
"USW00094728","NY CITY CENTRAL PARK, NY US","40.77898","-73.96925","42.7","2019-05-10","0.7",",,W",,,"1.0",",,W,2400","0.0",",,W,2400","0.0",",,W,2400",,,"22.8",",,W","13.3",",,W",,,"  130",",,W","  140",",,W","4.5",",,W","9.4",",,W","    1",",,W",,,,,,,,,,,,
"USW00094728","NY CITY CENTRAL PARK, NY US","40.77898","-73.96925","42.7","2019-05-11","1.4",",,W",,,"1.0",",,W,2400","0.0",",,W,2400","0.0",",,W,2400",,,"20.6",",,W","13.3",",,W",,,"  280",",,W","  300",",,W","4.5",",,W","7.6",",,W","    1",",,W",,,,,,,,,,,,
"USW00094728","NY CITY CENTRAL PARK, NY US","40.77898","-73.96925","42.7","2019-05-12","3.8",",,W",,,"33.5",",,W,2400","0.0",",,W,2400","0.0",",,W,2400",,,"15.0",",,W","6.1",",,W",,,"   60",",,W","   50",",,W","8.1",",,W","13.9",",,W","    1",",,W",,,,,,,,,,,,
"USW00094728","NY CITY CENTRAL PARK, NY US","40.77898","-73.96925","42.7","2019-05-13","2.5",",,W",,,"17.8",",,W,2400","0.0",",,W,2400","0.0",",,W,2400",,,"8.9",",,W","5.6",",,W",,,"   50",",,W","   50",",,W","6.7",",,W","10.3",",,W","    1",",,W",,,,,,,,,,,,
"USW00094728","NY CITY CENTRAL PARK, NY US","40.77898","-73.96925","42.7","2019-05-14","1.0",",,W",,,"7.6",",,W,2400","0.0",",,W,2400","0.0",",,W,2400",,,"11.1",",,W","6.7",",,W",,,"  280",",,W","  280",",,W","3.6",",,W","5.8",",,W","    1",",,W",,,,,,,,,,,,
"USW00094728","NY CITY CENTRAL PARK, NY US","40.77898","-73.96925","42.7","2019-05-15","1.7",",,W",,,"0.3",",,W,2400","0.0",",,W,2400","0.0",",,W,2400",,,"20.6",",,W","6.7",",,W",,,"  250",",,W","  300",",,W","4.5",",,W","8.9",",,W","    1",",,W",,,,,,,,,,,,
"USW00094728","NY CITY CENTRAL PARK, NY US","40.77898","-73.96925","42.7","2019-05-16","1.2",",,W",,,"3.0",",,W,2400","0.0",",,W,2400","0.0",",,W,2400",,,"22.8",",,W","11.1",",,W",,,"  280",",,W","  270",",,W","5.8",",,W","8.5",",,W","    1",",,W",,,,,,,,,,,,
"USW00094728","NY CITY CENTRAL PARK, NY US","40.77898","-73.96925","42.7","2019-05-17","2.2",",,W",,,"0.8",",,W,2400","0.0",",,W,2400","0.0",",,W,2400",,,"24.4",",,W","15.6",",,W",,,"  250",",,W","  230",",,W","5.8",",,W","9.4",",,W","    1",",,W",,,,,,,,,,,,
"USW00094728","NY CITY CENTRAL PARK, NY US","40.77898","-73.96925","42.7","2019-05-18","1.2",",,W",,,"0.0",",,W,2400","0.0",",,W,2400","0.0",",,W,2400",,,"23.9",",,W","13.3",",,W",,,"  140",",,W","  140",",,W","4.0",",,W","7.2",",,W",,,,,,,,,,,,,,
"USW00094728","NY CITY CENTRAL PARK, NY US","40.77898","-73.96925","42.7","2019-05-19","1.3",",,W",,,"1.5",",,W,2400","0.0",",,W,2400","0.0",",,W,2400",,,"24.4",",,W","15.6",",,W",,,"  140",",,W","  150",",,W","5.4",",,W","9.8",",,W","    1",",,W",,,"    1",",,W",,,,,,,,
"USW00094728","NY CITY CENTRAL PARK, NY US","40.77898","-73.96925","42.7","2019-05-20","2.4",",,W",,,"0.0","T,,W,2400","0.0",",,W,2400","0.0",",,W,2400",,,"29.4",",,W","18.9",",,W",,,"  240",",,W","  210",",,W","8.1",",,W","14.3",",,W","    1",",,W",,,"    1",",,W",,,,,,,,
"USW00094728","NY CITY CENTRAL PARK, NY US","40.77898","-73.96925","42.7","2019-05-21","2.6",",,W",,,"0.0",",,W,2400","0.0",",,W,2400","0.0",",,W,2400",,,"21.7",",,W","13.3",",,W",,,"  290",",,W","  300",",,W","6.7",",,W","13.0",",,W",,,,,,,,,,,,,,
"USW00094728","NY CITY CENTRAL PARK, NY US","40.77898","-73.96925","42.7","2019-05-22","1.9",",,W",,,"0.0",",,W,2400","0.0",",,W,2400","0.0",",,W,2400",,,"23.3",",,W","12.2",",,W",,,"   50",",,W","   70",",,W","5.8",",,W","7.6",",,W",,,,,,,,,,,,,,
"USW00094728","NY CITY CENTRAL PARK, NY US","40.77898","-73.96925","42.7","2019-05-23","1.8",",,W",,,"12.2",",,W,2400","0.0",",,W,2400","0.0",",,W,2400",,,"22.2",",,W","12.8",",,W",,,"  240",",,W","  230",",,W","6.3",",,W","8.9",",,W","    1",",,W",,,,,,,,,,,,
"USW00094728","NY CITY CENTRAL PARK, NY US","40.77898","-73.96925","42.7","2019-05-24","3.4",",,W",,,"0.0",",,W,2400","0.0",",,W,2400","0.0",",,W,2400",,,"22.8",",,W","16.1",",,W",,,"  300",",,W","  320",",,W","8.1",",,W","14.3",",,W",,,,,,,,,,,,,,
"USW00094728","NY CITY CENTRAL PARK, NY US","40.77898","-73.96925","42.7","2019-05-25","1.8",",,W",,,"0.0",",,W,2400","0.0",",,W,2400","0.0",",,W,2400",,,"21.7",",,W","12.8",",,W",,,"  150",",,W","  150",",,W","5.4",",,W","9.8",",,W",,,,,,,,,,,,,,
"USW00094728","NY CITY CENTRAL PARK, NY US","40.77898","-73.96925","42.7","2019-05-26","1.9",",,W",,,"5.1",",,W,2400","0.0",",,W,2400","0.0",",,W,2400",,,"30.0",",,W","15.0",",,W",,,"  280",",,W","  260",",,W","5.4",",,W","8.5",",,W","    1",",,W",,,"    1",",,W",,,,,,,"    1",",,W"
"USW00094728","NY CITY CENTRAL PARK, NY US","40.77898","-73.96925","42.7","2019-05-27","1.6",",,W",,,"0.0",",,W,2400","0.0",",,W,2400","0.0",",,W,2400",,,"26.7",",,W","17.8",",,W",,,"   40",",,W","   70",",,W","5.8",",,W","7.6",",,W",,,,,,,,,,,,,,
"USW00094728","NY CITY CENTRAL PARK, NY US","40.77898","-73.96925","42.7","2019-05-28","1.9",",,W",,,"4.3",",,W,2400","0.0",",,W,2400","0.0",",,W,2400",,,"21.7",",,W","16.7",",,W",,,"   60",",,W","  150",",,W","5.4",",,W","8.1",",,W","    1",",,W",,,"    1",",,W",,,,,,,,
"USW00094728","NY CITY CENTRAL PARK, NY US","40.77898","-73.96925","42.7","2019-05-29","2.1",",,W",,,"20.3",",,W,2400","0.0",",,W,2400","0.0",",,W,2400",,,"21.1",",,W","13.3",",,W",,,"   90",",,W","  110",",,W","5.4",",,W","8.1",",,W","    1",",,W",,,"    1",",,W",,,,,,,"    1",",,W"
"USW00094728","NY CITY CENTRAL PARK, NY US","40.77898","-73.96925","42.7","2019-05-30","0.9",",,W",,,"24.1",",,W,2400","0.0",",,W,2400","0.0",",,W,2400",,,"21.1",",,W","13.9",",,W",,,"  140",",,W","  160",",,W","4.0",",,W","6.7",",,W","    1",",,W",,,"    1",",,W",,,,,,,"    1",",,W"
"USW00094728","NY CITY CENTRAL PARK, NY US","40.77898","-73.96925","42.7","2019-05-31","1.2",",,W",,,"0.0","T,,W,2400","0.0",",,W,2400","0.0",",,W,2400",,,"26.7",",,W","17.2",",,W",,,"  250",",,W","  290",",,W","4.5",",,W","6.7",",,W","    1",",,W",,,,,,,,,,,,
"USW00094728","NY CITY CENTRAL PARK, NY US","40.77898","-73.96925","42.7","2019-06-01","1.2",",,W",,,"0.0",",,W,2400","0.0",",,W,2400","0.0",",,W,2400",,,"26.7",",,W","17.2",",,W",,,"  150",",,W","  150",",,W","4.0",",,W","7.2",",,W",,,,,,,,,,,,,"    1",",,W"
"USW00094728","NY CITY CENTRAL PARK, NY US","40.77898","-73.96925","42.7","2019-06-02","1.7",",,W",,,"21.8",",,W,2400","0.0",",,W,2400","0.0",",,W,2400",,,"27.2",",,W","16.1",",,W",,,"  260",",,W","  220",",,W","5.4",",,W","11.2",",,W","    1",",,W","    1",",,W","    1",",,W",,,,,,,"    1",",,W"
"USW00094728","NY CITY CENTRAL PARK, NY US","40.77898","-73.96925","42.7","2019-06-03","2.4",",,W",,,"0.0",",,W,2400","0.0",",,W,2400","0.0",",,W,2400",,,"21.1",",,W","14.4",",,W",,,"  280",",,W","  270",",,W","6.7",",,W","10.7",",,W",,,,,,,,,,,,,,
"USW00094728","NY CITY CENTRAL PARK, NY US","40.77898","-73.96925","42.7","2019-06-04","1.7",",,W",,,"0.0",",,W,2400","0.0",",,W,2400","0.0",",,W,2400",,,"21.1",",,W","12.2",",,W",,,"  250",",,W","  240",",,W","5.4",",,W","10.3",",,W",,,,,,,,,,,,,,
"USW00094728","NY CITY CENTRAL PARK, NY US","40.77898","-73.96925","42.7","2019-06-05","2.0",",,W",,,"0.0","T,,W,2400","0.0",",,W,2400","0.0",",,W,2400",,,"27.2",",,W","17.8",",,W",,,"  230",",,W","  240",",,W","6.3",",,W","11.6",",,W",,,,,,,,,,,,,,
"USW00094728","NY CITY CENTRAL PARK, NY US","40.77898","-73.96925","42.7","2019-06-06","2.1",",,W",,,"1.0",",,W,2400","0.0",",,W,2400","0.0",",,W,2400",,,"28.3",",,W","20.0",",,W",,,"   50",",,W","  270",",,W","5.4",",,W","9.4",",,W","    1",",,W",,,,,,,,,,,,
"USW00094728","NY CITY CENTRAL PARK, NY US","40.77898","-73.96925","42.7","2019-06-07","1.0",",,W",,,"0.0",",,W,2400","0.0",",,W,2400","0.0",",,W,2400",,,"27.2",",,W","18.9",",,W",,,"   60",",,W","   20",",,W","3.6",",,W","5.8",",,W",,,,,,,,,,,,,"    1",",,W"
"USW00094728","NY CITY CENTRAL PARK, NY US","40.77898","-73.96925","42.7","2019-06-08","2.8",",,W",,,"0.0",",,W,2400","0.0",",,W,2400","0.0",",,W,2400",,,"27.2",",,W","17.2",",,W",,,"   50",",,W","   60",",,W","7.2",",,W","11.2",",,W","    1",",,W",,,,,,,,,,,"    1",",,W"
"USW00094728","NY CITY CENTRAL PARK, NY US","40.77898","-73.96925","42.7","2019-06-09","2.9",",,W",,,"0.0",",,W,2400","0.0",",,W,2400","0.0",",,W,2400",,,"25.6",",,W","15.6",",,W",,,"   60",",,W","  130",",,W","6.3",",,W","8.9",",,W",,,,,,,,,,,,,,
"USW00094728","NY CITY CENTRAL PARK, NY US","40.77898","-73.96925","42.7","2019-06-10","3.0",",,W",,,"15.7",",,W,2400","0.0",",,W,2400","0.0",",,W,2400",,,"21.1",",,W","15.6",",,W",,,"   50",",,W","   50",",,W","6.7",",,W","8.9",",,W","    1",",,W",,,,,,,,,,,,
"USW00094728","NY CITY CENTRAL PARK, NY US","40.77898","-73.96925","42.7","2019-06-11","2.8",",,W",,,"11.4",",,W,2400","0.0",",,W,2400","0.0",",,W,2400",,,"25.0",",,W","17.2",",,W",,,"  300",",,W","  280",",,W","6.7",",,W","11.6",",,W","    1",",,W",,,,,,,,,,,,
"USW00094728","NY CITY CENTRAL PARK, NY US","40.77898","-73.96925","42.7","2019-06-12","1.8",",,W",,,"0.0",",,W,2400","0.0",",,W,2400","0.0",",,W,2400",,,"23.3",",,W","15.0",",,W",,,"  140",",,W","  160",",,W","5.4",",,W","8.9",",,W",,,,,,,,,,,,,,
"USW00094728","NY CITY CENTRAL PARK, NY US","40.77898","-73.96925","42.7","2019-06-13","2.6",",,W",,,"15.2",",,W,2400","0.0",",,W,2400","0.0",",,W,2400",,,"18.3",",,W","12.8",",,W",,,"   50",",,W","   50",",,W","9.8",",,W","13.9",",,W","    1",",,W",,,,,,,,,,,,
"USW00094728","NY CITY CENTRAL PARK, NY US","40.77898","-73.96925","42.7","2019-06-14","2.7",",,W",,,"0.0",",,W,2400","0.0",",,W,2400","0.0",",,W,2400",,,"22.8",",,W","14.4",",,W",,,"  270",",,W","  290",",,W","7.6",",,W","11.6",",,W","    1",",,W",,,,,,,,,,,,
"USW00094728","NY CITY CENTRAL PARK, NY US","40.77898","-73.96925","42.7","2019-06-15","2.0",",,W",,,"0.0",",,W,2400","0.0",",,W,2400","0.0",",,W,2400",,,"27.2",",,W","15.6",",,W",,,"  220",",,W","  220",",,W","6.7",",,W","11.2",",,W",,,,,,,,,,,,,,
"USW00094728","NY CITY CENTRAL PARK, NY US","40.77898","-73.96925","42.7","2019-06-16","2.3",",,W",,,"1.0",",,W,2400","0.0",",,W,2400","0.0",",,W,2400",,,"26.7",",,W","18.3",",,W",,,"  230",",,W","  220",",,W","6.7",",,W","10.3",",,W",,,,,,,,,,,,,,
"USW00094728","NY CITY CENTRAL PARK, NY US","40.77898","-73.96925","42.7","2019-06-17","0.6",",,W",,,"0.0","T,,W,2400","0.0",",,W,2400","0.0",",,W,2400",,,"24.4",",,W","20.6",",,W",,,"   30",",,W","   40",",,W","4.5",",,W","7.6",",,W",,,,,,,,,,,,,,
"USW00094728","NY CITY CENTRAL PARK, NY US","40.77898","-73.96925","42.7","2019-06-18","0.8",",,W",,,"20.1",",,W,2400","0.0",",,W,2400","0.0",",,W,2400",,,"22.8",",,W","19.4",",,W",,,"   60",",,W","  160",",,W","4.5",",,W","6.3",",,W","    1",",,W",,,,,,,,,,,,
"USW00094728","NY CITY CENTRAL PARK, NY US","40.77898","-73.96925","42.7","2019-06-19","1.3",",,W",,,"2.8",",,W,2400","0.0",",,W,2400","0.0",",,W,2400",,,"21.7",",,W","18.9",",,W",,,"   70",",,W","  140",",,W","3.6",",,W","5.8",",,W","    1",",,W",,,,,,,,,,,"    1",",,W"
"USW00094728","NY CITY CENTRAL PARK, NY US","40.77898","-73.96925","42.7","2019-06-20","1.4",",,W",,,"10.7",",,W,2400","0.0",",,W,2400","0.0",",,W,2400",,,"25.6",",,W","18.3",",,W",,,"  240",",,W","  230",",,W","3.6",",,W","6.3",",,W","    1",",,W",,,"    1",",,W",,,,,,,"    1",",,W"
"USW00094728","NY CITY CENTRAL PARK, NY US","40.77898","-73.96925","42.7","2019-06-21","2.3",",,W",,,"13.5",",,W,2400","0.0",",,W,2400","0.0",",,W,2400",,,"25.0",",,W","18.3",",,W",,,"  300",",,W","  290",",,W","6.7",",,W","11.2",",,W","    1",",,W",,,,,,,,,,,"    1",",,W"
"USW00094728","NY CITY CENTRAL PARK, NY US","40.77898","-73.96925","42.7","2019-06-22","2.5",",,W",,,"0.0",",,W,2400","0.0",",,W,2400","0.0",",,W,2400",,,"26.1",",,W","16.1",",,W",,,"  300",",,W","  300",",,W","6.7",",,W","10.7",",,W",,,,,,,,,,,,,"    1",",,W"
"USW00094728","NY CITY CENTRAL PARK, NY US","40.77898","-73.96925","42.7","2019-06-23","2.1",",,W",,,"0.0",",,W,2400","0.0",",,W,2400","0.0",",,W,2400",,,"28.3",",,W","17.8",",,W",,,"  280",",,W","  210",",,W","5.4",",,W","8.9",",,W",,,,,,,,,,,,,,
"USW00094728","NY CITY CENTRAL PARK, NY US","40.77898","-73.96925","42.7","2019-06-24","0.8",",,W",,,"0.0",",,W,2400","0.0",",,W,2400","0.0",",,W,2400",,,"28.9",",,W","19.4",",,W",,,"  200",",,W","  230",",,W","3.6",",,W","7.6",",,W",,,,,,,,,,,,,,
"USW00094728","NY CITY CENTRAL PARK, NY US","40.77898","-73.96925","42.7","2019-06-25","0.9",",,W",,,"21.8",",,W,2400","0.0",",,W,2400","0.0",",,W,2400",,,"28.9",",,W","22.2",",,W",,,"  270",",,W","  250",",,W","3.6",",,W","5.4",",,W","    1",",,W","    1",",,W","    1",",,W",,,,,,,"    1",",,W"
"USW00094728","NY CITY CENTRAL PARK, NY US","40.77898","-73.96925","42.7","2019-06-26","1.4",",,W",,,"0.0",",,W,2400","0.0",",,W,2400","0.0",",,W,2400",,,"30.6",",,W","22.2",",,W",,,"  250",",,W","  220",",,W","4.0",",,W","6.7",",,W","    1",",,W",,,,,,,,,,,,
"USW00094728","NY CITY CENTRAL PARK, NY US","40.77898","-73.96925","42.7","2019-06-27","1.2",",,W",,,"0.0",",,W,2400","0.0",",,W,2400","0.0",",,W,2400",,,"31.7",",,W","21.7",",,W",,,"  230",",,W","  300",",,W","4.5",",,W","8.5",",,W",,,,,,,,,,,,,,
"USW00094728","NY CITY CENTRAL PARK, NY US","40.77898","-73.96925","42.7","2019-06-28","1.1",",,W",,,"0.0",",,W,2400","0.0",",,W,2400","0.0",",,W,2400",,,"31.7",",,W","22.8",",,W",,,"  210",",,W","  220",",,W","4.5",",,W","6.7",",,W",,,,,,,,,,,,,,
"USW00094728","NY CITY CENTRAL PARK, NY US","40.77898","-73.96925","42.7","2019-06-29","2.1",",,W",,,"2.0",",,W,2400","0.0",",,W,2400","0.0",",,W,2400",,,"32.8",",,W","22.2",",,W",,,"  230",",,W","  220",",,W","6.3",",,W","9.8",",,W","    1",",,W",,,"    1",",,W",,,,,,,,
"USW00094728","NY CITY CENTRAL PARK, NY US","40.77898","-73.96925","42.7","2019-06-30","2.3",",,W",,,"1.5",",,W,2400","0.0",",,W,2400","0.0",",,W,2400",,,"28.3",",,W","20.6",",,W",,,"  330",",,W","  360",",,W","9.4",",,W","16.5",",,W",,,,,,,,,,,,,,
"USW00094728","NY CITY CENTRAL PARK, NY US","40.77898","-73.96925","42.7","2019-07-01","2.0",",,W",,,"0.0",",,W,2400","0.0",",,W,2400","0.0",",,W,2400",,,"29.4",",,W","18.3",",,W",,,"  280",",,W","   60",",,W","4.5",",,W","6.7",",,W",,,,,,,,,,,,,"    1",",,W"
"USW00094728","NY CITY CENTRAL PARK, NY US","40.77898","-73.96925","42.7","2019-07-02","1.1",",,W",,,"0.5",",,W,2400","0.0",",,W,2400","0.0",",,W,2400",,,"29.4",",,W","21.7",",,W",,,"  270",",,W","  330",",,W","4.0",",,W","6.3",",,W",,,,,,,,,,,,,,
"USW00094728","NY CITY CENTRAL PARK, NY US","40.77898","-73.96925","42.7","2019-07-03","0.8",",,W",,,"0.0","T,,W,2400","0.0",",,W,2400","0.0",",,W,2400",,,"30.6",",,W","23.9",",,W",,,"   60",",,W","   70",",,W","4.5",",,W","5.8",",,W",,,,,,,,,,,,,,
"USW00094728","NY CITY CENTRAL PARK, NY US","40.77898","-73.96925","42.7","2019-07-04","1.2",",,W",,,"0.0",",,W,2400","0.0",",,W,2400","0.0",",,W,2400",,,"32.2",",,W","23.3",",,W",,,"  150",",,W","  160",",,W","5.8",",,W","9.4",",,W",,,,,,,,,,,,,"    1",",,W"
"USW00094728","NY CITY CENTRAL PARK, NY US","40.77898","-73.96925","42.7","2019-07-05","1.3",",,W",,,"0.0",",,W,2400","0.0",",,W,2400","0.0",",,W,2400",,,"30.0",",,W","22.2",",,W",,,"  140",",,W","  150",",,W","4.0",",,W","7.6",",,W","    1",",,W",,,,,,,,,,,"    1",",,W"
"USW00094728","NY CITY CENTRAL PARK, NY US","40.77898","-73.96925","42.7","2019-07-06","1.5",",,W",,,"0.0","T,,W,2400","0.0",",,W,2400","0.0",",,W,2400",,,"32.2",",,W","24.4",",,W",,,"  220",",,W","  230",",,W","4.5",",,W","7.6",",,W",,,,,"    1",",,W",,,,,,,,
"USW00094728","NY CITY CENTRAL PARK, NY US","40.77898","-73.96925","42.7","2019-07-07","2.2",",,W",,,"0.0",",,W,2400","0.0",",,W,2400","0.0",",,W,2400",,,"30.0",",,W","22.2",",,W",,,"   50",",,W","   50",",,W","6.7",",,W","10.3",",,W",,,,,,,,,,,,,,
"USW00094728","NY CITY CENTRAL PARK, NY US","40.77898","-73.96925","42.7","2019-07-08","1.2",",,W",,,"1.0",",,W,2400","0.0",",,W,2400","0.0",",,W,2400",,,"25.6",",,W","20.0",",,W",,,"   50",",,W","   70",",,W","3.6",",,W","4.9",",,W","    1",",,W",,,,,,,,,,,,
"USW00094728","NY CITY CENTRAL PARK, NY US","40.77898","-73.96925","42.7","2019-07-09","1.2",",,W",,,"0.0",",,W,2400","0.0",",,W,2400","0.0",",,W,2400",,,"30.6",",,W","20.6",",,W",,,"  240",",,W","  250",",,W","4.5",",,W","6.3",",,W","    1",",,W",,,,,,,,,,,"    1",",,W"
"USW00094728","NY CITY CENTRAL PARK, NY US","40.77898","-73.96925","42.7","2019-07-10","1.1",",,W",,,"0.0",",,W,2400","0.0",",,W,2400","0.0",",,W,2400",,,"31.1",",,W","23.3",",,W",,,"  240",",,W","  230",",,W","5.4",",,W","8.1",",,W",,,,,,,,,,,,,,
"USW00094728","NY CITY CENTRAL PARK, NY US","40.77898","-73.96925","42.7","2019-07-11","2.0",",,W",,,"20.1",",,W,2400","0.0",",,W,2400","0.0",",,W,2400",,,"30.6",",,W","22.8",",,W",,,"  150",",,W","  130",",,W","5.4",",,W","9.4",",,W","    1",",,W",,,"    1",",,W",,,,,,,,
"USW00094728","NY CITY CENTRAL PARK, NY US","40.77898","-73.96925","42.7","2019-07-12","2.3",",,W",,,"0.0",",,W,2400","0.0",",,W,2400","0.0",",,W,2400",,,"30.6",",,W","22.2",",,W",,,"  300",",,W","  300",",,W","5.4",",,W","9.4",",,W","    1",",,W",,,,,,,,,,,,
"USW00094728","NY CITY CENTRAL PARK, NY US","40.77898","-73.96925","42.7","2019-07-13","1.7",",,W",,,"0.0",",,W,2400","0.0",",,W,2400","0.0",",,W,2400",,,"29.4",",,W","21.1",",,W",,,"  280",",,W","  310",",,W","4.5",",,W","8.5",",,W",,,,,,,,,,,,,,
"USW00094728","NY CITY CENTRAL PARK, NY US","40.77898","-73.96925","42.7","2019-07-14","2.2",",,W",,,"0.0",",,W,2400","0.0",",,W,2400","0.0",",,W,2400",,,"31.7",",,W","24.4",",,W",,,"  270",",,W","  260",",,W","5.8",",,W","9.8",",,W",,,,,,,,,,,,,,
"USW00094728","NY CITY CENTRAL PARK, NY US","40.77898","-73.96925","42.7","2019-07-15","1.3",",,W",,,"0.0",",,W,2400","0.0",",,W,2400","0.0",",,W,2400",,,"29.4",",,W","20.0",",,W",,,"  290",",,W","  290",",,W","4.0",",,W","6.7",",,W",,,,,,,,,,,,,,
"USW00094728","NY CITY CENTRAL PARK, NY US","40.77898","-73.96925","42.7","2019-07-16","1.3",",,W",,,"0.0",",,W,2400","0.0",",,W,2400","0.0",",,W,2400",,,"32.8",",,W","22.2",",,W",,,"  230",",,W","  230",",,W","4.5",",,W","8.1",",,W",,,,,,,,,,,,,,
"USW00094728","NY CITY CENTRAL PARK, NY US","40.77898","-73.96925","42.7","2019-07-17","1.6",",,W",,,"46.2",",,W,2400","0.0",",,W,2400","0.0",",,W,2400",,,"33.9",",,W","22.8",",,W",,,"  290",",,W","  300",",,W","6.3",",,W","12.1",",,W","    1",",,W",,,"    1",",,W",,,,,,,,
"USW00094728","NY CITY CENTRAL PARK, NY US","40.77898","-73.96925","42.7","2019-07-18","2.2",",,W",,,"13.0",",,W,2400","0.0",",,W,2400","0.0",",,W,2400",,,"26.1",",,W","21.7",",,W",,,"   50",",,W","   50",",,W","6.7",",,W","8.9",",,W","    1",",,W",,,,,,,,,,,,
"USW00094728","NY CITY CENTRAL PARK, NY US","40.77898","-73.96925","42.7","2019-07-19","1.6",",,W",,,"0.0",",,W,2400","0.0",",,W,2400","0.0",",,W,2400",,,"32.8",",,W","21.7",",,W",,,"  240",",,W","  230",",,W","5.8",",,W","9.4",",,W",,,,,,,,,,,,,,
"USW00094728","NY CITY CENTRAL PARK, NY US","40.77898","-73.96925","42.7","2019-07-20","1.9",",,W",,,"0.0",",,W,2400","0.0",",,W,2400","0.0",",,W,2400",,,"35.0",",,W","27.8",",,W",,,"  230",",,W","  240",",,W","5.8",",,W","9.4",",,W",,,,,,,,,,,,,,
"USW00094728","NY CITY CENTRAL PARK, NY US","40.77898","-73.96925","42.7","2019-07-21","2.0",",,W",,,"0.0","T,,W,2400","0.0",",,W,2400","0.0",",,W,2400",,,"35.0",",,W","26.7",",,W",,,"  280",",,W","  240",",,W","6.3",",,W","9.4",",,W",,,,,"    1",",,W",,,,,,,,
"USW00094728","NY CITY CENTRAL PARK, NY US","40.77898","-73.96925","42.7","2019-07-22","1.2",",,W",,,"42.2",",,W,2400","0.0",",,W,2400","0.0",",,W,2400",,,"32.2",",,W","22.2",",,W",,,"   10",",,W","  340",",,W","6.3",",,W","11.2",",,W","    1",",,W","    1",",,W","    1",",,W",,,,,,,,
"USW00094728","NY CITY CENTRAL PARK, NY US","40.77898","-73.96925","42.7","2019-07-23","1.8",",,W",,,"13.5",",,W,2400","0.0",",,W,2400","0.0",",,W,2400",,,"23.3",",,W","19.4",",,W",,,"  360",",,W","   10",",,W","5.4",",,W","7.6",",,W","    1",",,W",,,,,,,,,,,,
"USW00094728","NY CITY CENTRAL PARK, NY US","40.77898","-73.96925","42.7","2019-07-24","1.3",",,W",,,"0.5",",,W,2400","0.0",",,W,2400","0.0",",,W,2400",,,"28.3",",,W","19.4",",,W",,,"   60",",,W","   50",",,W","5.4",",,W","6.7",",,W","    1",",,W",,,,,,,,,,,,
"USW00094728","NY CITY CENTRAL PARK, NY US","40.77898","-73.96925","42.7","2019-07-25","0.8",",,W",,,"0.0",",,W,2400","0.0",",,W,2400","0.0",",,W,2400",,,"28.9",",,W","21.1",",,W",,,"   50",",,W","   50",",,W","4.5",",,W","6.3",",,W",,,,,,,,,,,,,,
"USW00094728","NY CITY CENTRAL PARK, NY US","40.77898","-73.96925","42.7","2019-07-26","0.7",",,W",,,"0.0",",,W,2400","0.0",",,W,2400","0.0",",,W,2400",,,"31.1",",,W","20.6",",,W",,,"   50",",,W","   50",",,W","4.0",",,W","5.8",",,W",,,,,,,,,,,,,,
"USW00094728","NY CITY CENTRAL PARK, NY US","40.77898","-73.96925","42.7","2019-07-27","1.3",",,W",,,"0.0",",,W,2400","0.0",",,W,2400","0.0",",,W,2400",,,"29.4",",,W","22.2",",,W",,,"  220",",,W","  220",",,W","5.4",",,W","8.5",",,W",,,,,,,,,,,,,,
"USW00094728","NY CITY CENTRAL PARK, NY US","40.77898","-73.96925","42.7","2019-07-28","2.4",",,W",,,"0.3",",,W,2400","0.0",",,W,2400","0.0",",,W,2400",,,"31.1",",,W","21.7",",,W",,,"  280",",,W","  290",",,W","5.8",",,W","11.2",",,W","    1",",,W",,,,,,,,,,,,
"USW00094728","NY CITY CENTRAL PARK, NY US","40.77898","-73.96925","42.7","2019-07-29","2.0",",,W",,,"0.0",",,W,2400","0.0",",,W,2400","0.0",",,W,2400",,,"32.2",",,W","22.8",",,W",,,"  250",",,W","  250",",,W","5.4",",,W","7.6",",,W",,,,,,,,,,,,,,
"USW00094728","NY CITY CENTRAL PARK, NY US","40.77898","-73.96925","42.7","2019-07-30","1.5",",,W",,,"0.3",",,W,2400","0.0",",,W,2400","0.0",",,W,2400",,,"33.3",",,W","25.6",",,W",,,"  230",",,W","  220",",,W","5.4",",,W","8.5",",,W",,,,,"    1",",,W",,,,,,,,
"USW00094728","NY CITY CENTRAL PARK, NY US","40.77898","-73.96925","42.7","2019-07-31","1.3",",,W",,,"9.1",",,W,2400","0.0",",,W,2400","0.0",",,W,2400",,,"30.6",",,W","21.1",",,W",,,"  280",",,W","  250",",,W","6.3",",,W","9.4",",,W","    1",",,W",,,"    1",",,W",,,,,,,,
"USW00094728","NY CITY CENTRAL PARK, NY US","40.77898","-73.96925","42.7","2019-08-01","1.0",",,W",,,"0.0",",,W,2400","0.0",",,W,2400","0.0",",,W,2400",,,"30.6",",,W","21.1",",,W",,,"   20",",,W","   30",",,W","4.0",",,W","6.3",",,W","    1",",,W",,,,,,,,,,,,
"USW00094728","NY CITY CENTRAL PARK, NY US","40.77898","-73.96925","42.7","2019-08-02","1.6",",,W",,,"0.0",",,W,2400","0.0",",,W,2400","0.0",",,W,2400",,,"28.9",",,W","22.8",",,W",,,"  140",",,W","  160",",,W","4.0",",,W","7.2",",,W",,,,,,,,,,,,,,
"USW00094728","NY CITY CENTRAL PARK, NY US","40.77898","-73.96925","42.7","2019-08-03","1.6",",,W",,,"5.3",",,W,2400","0.0",",,W,2400","0.0",",,W,2400",,,"30.0",",,W","20.0",",,W",,,"  360",",,W","  340",",,W","8.1",",,W","11.6",",,W","    1",",,W",,,"    1",",,W",,,,,,,,
"USW00094728","NY CITY CENTRAL PARK, NY US","40.77898","-73.96925","42.7","2019-08-04","1.2",",,W",,,"0.0",",,W,2400","0.0",",,W,2400","0.0",",,W,2400",,,"30.6",",,W","20.6",",,W",,,"   40",",,W","   30",",,W","5.4",",,W","8.5",",,W","    1",",,W",,,,,,,,,,,,
"USW00094728","NY CITY CENTRAL PARK, NY US","40.77898","-73.96925","42.7","2019-08-05","2.0",",,W",,,"0.0",",,W,2400","0.0",",,W,2400","0.0",",,W,2400",,,"27.8",",,W","21.1",",,W",,,"  120",",,W","  150",",,W","5.8",",,W","9.8",",,W",,,,,,,,,,,,,,
"USW00094728","NY CITY CENTRAL PARK, NY US","40.77898","-73.96925","42.7","2019-08-06","1.4",",,W",,,"1.0",",,W,2400","0.0",",,W,2400","0.0",",,W,2400",,,"26.1",",,W","21.7",",,W",,,"  140",",,W","  140",",,W","4.0",",,W","6.3",",,W","    1",",,W",,,,,,,,,,,"    1",",,W"
"USW00094728","NY CITY CENTRAL PARK, NY US","40.77898","-73.96925","42.7","2019-08-07","1.2",",,W",,,"30.0",",,W,2400","0.0",",,W,2400","0.0",",,W,2400",,,"28.9",",,W","20.6",",,W",,,"  270",",,W","  250",",,W","5.8",",,W","10.3",",,W","    1",",,W","    1",",,W","    1",",,W",,,,,,,,
"USW00094728","NY CITY CENTRAL PARK, NY US","40.77898","-73.96925","42.7","2019-08-08","2.1",",,W",,,"5.1",",,W,2400","0.0",",,W,2400","0.0",",,W,2400",,,"28.9",",,W","19.4",",,W",,,"  300",",,W","  300",",,W","7.2",",,W","13.4",",,W","    1",",,W",,,"    1",",,W",,,,,,,"    1",",,W"
"USW00094728","NY CITY CENTRAL PARK, NY US","40.77898","-73.96925","42.7","2019-08-09","1.6",",,W",,,"2.0",",,W,2400","0.0",",,W,2400","0.0",",,W,2400",,,"28.3",",,W","20.0",",,W",,,"  300",",,W","  320",",,W","6.3",",,W","10.3",",,W","    1",",,W",,,"    1",",,W",,,,,,,,
"USW00094728","NY CITY CENTRAL PARK, NY US","40.77898","-73.96925","42.7","2019-08-10","2.3",",,W",,,"0.0",",,W,2400","0.0",",,W,2400","0.0",",,W,2400",,,"27.2",",,W","18.9",",,W",,,"  280",",,W","  270",",,W","6.3",",,W","11.6",",,W",,,,,,,,,,,,,,
"USW00094728","NY CITY CENTRAL PARK, NY US","40.77898","-73.96925","42.7","2019-08-11","1.4",",,W",,,"0.0",",,W,2400","0.0",",,W,2400","0.0",",,W,2400",,,"26.7",",,W","17.2",",,W",,,"  270",",,W","  250",",,W","5.4",",,W","9.4",",,W",,,,,,,,,,,,,,
"USW00094728","NY CITY CENTRAL PARK, NY US","40.77898","-73.96925","42.7","2019-08-12","1.6",",,W",,,"0.0",",,W,2400","0.0",",,W,2400","0.0",",,W,2400",,,"29.4",",,W","20.0",",,W",,,"  230",",,W","  210",",,W","5.4",",,W","7.6",",,W",,,,,,,,,,,,,,
"USW00094728","NY CITY CENTRAL PARK, NY US","40.77898","-73.96925","42.7","2019-08-13","1.6",",,W",,,"1.8",",,W,2400","0.0",",,W,2400","0.0",",,W,2400",,,"26.1",",,W","21.7",",,W",,,"  230",",,W","  240",",,W","4.5",",,W","8.1",",,W","    1",",,W",,,,,,,,,,,,
"USW00094728","NY CITY CENTRAL PARK, NY US","40.77898","-73.96925","42.7","2019-08-14","1.6",",,W",,,"0.0","T,,W,2400","0.0",",,W,2400","0.0",",,W,2400",,,"28.9",",,W","22.8",",,W",,,"   30",",,W","   70",",,W","4.5",",,W","6.7",",,W","    1",",,W",,,,,,,,,,,"    1",",,W"
"USW00094728","NY CITY CENTRAL PARK, NY US","40.77898","-73.96925","42.7","2019-08-15","1.8",",,W",,,"0.0",",,W,2400","0.0",",,W,2400","0.0",",,W,2400",,,"29.4",",,W","21.1",",,W",,,"   50",",,W","  150",",,W","4.5",",,W","7.6",",,W","    1",",,W",,,,,,,,,,,"    1",",,W"
"USW00094728","NY CITY CENTRAL PARK, NY US","40.77898","-73.96925","42.7","2019-08-16","1.2",",,W",,,"0.0",",,W,2400","0.0",",,W,2400","0.0",",,W,2400",,,"26.1",",,W","20.0",",,W",,,"   50",",,W","  130",",,W","4.0",",,W","9.8",",,W",,,,,,,,,,,,,,
"USW00094728","NY CITY CENTRAL PARK, NY US","40.77898","-73.96925","42.7","2019-08-17","1.5",",,W",,,"0.0","T,,W,2400","0.0",",,W,2400","0.0",",,W,2400",,,"30.6",",,W","22.8",",,W",,,"   70",",,W","   40",",,W","4.0",",,W","7.6",",,W","    1",",,W",,,,,,,,,,,,
"USW00094728","NY CITY CENTRAL PARK, NY US","40.77898","-73.96925","42.7","2019-08-18","1.0",",,W",,,"16.3",",,W,2400","0.0",",,W,2400","0.0",",,W,2400",,,"32.2",",,W","21.1",",,W",,,"  240",",,W","  230",",,W","6.7",",,W","10.7",",,W","    1",",,W",,,,,,,,,,,"    1",",,W"
"USW00094728","NY CITY CENTRAL PARK, NY US","40.77898","-73.96925","42.7","2019-08-19","1.3",",,W",,,"0.0",",,W,2400","0.0",",,W,2400","0.0",",,W,2400",,,"32.2",",,W","22.2",",,W",,,"  120",",,W","  150",",,W","5.8",",,W","8.9",",,W",,,,,"    1",",,W",,,,,,,,
"USW00094728","NY CITY CENTRAL PARK, NY US","40.77898","-73.96925","42.7","2019-08-20","1.3",",,W",,,"0.0",",,W,2400","0.0",",,W,2400","0.0",",,W,2400",,,"31.1",",,W","23.9",",,W",,,"  140",",,W","  140",",,W","4.0",",,W","6.7",",,W",,,,,,,,,,,,,,
"USW00094728","NY CITY CENTRAL PARK, NY US","40.77898","-73.96925","42.7","2019-08-21","1.3",",,W",,,"2.5",",,W,2400","0.0",",,W,2400","0.0",",,W,2400",,,"30.6",",,W","23.3",",,W",,,"  240",",,W","  250",",,W","5.4",",,W","8.5",",,W","    1",",,W",,,"    1",",,W",,,,,,,"    1",",,W"
"USW00094728","NY CITY CENTRAL PARK, NY US","40.77898","-73.96925","42.7","2019-08-22","1.7",",,W",,,"25.7",",,W,2400","0.0",",,W,2400","0.0",",,W,2400",,,"32.2",",,W","21.7",",,W",,,"  290",",,W","  280",",,W","8.9",",,W","16.1",",,W","    1",",,W",,,"    1",",,W",,,,,,,"    1",",,W"
"USW00094728","NY CITY CENTRAL PARK, NY US","40.77898","-73.96925","42.7","2019-08-23","1.5",",,W",,,"2.3",",,W,2400","0.0",",,W,2400","0.0",",,W,2400",,,"23.3",",,W","18.3",",,W",,,"  360",",,W","   10",",,W","4.0",",,W","5.8",",,W","    1",",,W",,,,,,,,,,,,
"USW00094728","NY CITY CENTRAL PARK, NY US","40.77898","-73.96925","42.7","2019-08-24","2.3",",,W",,,"0.0",",,W,2400","0.0",",,W,2400","0.0",",,W,2400",,,"24.4",",,W","17.8",",,W",,,"   50",",,W","   40",",,W","6.3",",,W","9.4",",,W",,,,,,,,,,,,,,
"USW00094728","NY CITY CENTRAL PARK, NY US","40.77898","-73.96925","42.7","2019-08-25","4.0",",,W",,,"0.0",",,W,2400","0.0",",,W,2400","0.0",",,W,2400",,,"25.0",",,W","17.2",",,W",,,"   50",",,W","   50",",,W","7.6",",,W","11.6",",,W",,,,,,,,,,,,,,
"USW00094728","NY CITY CENTRAL PARK, NY US","40.77898","-73.96925","42.7","2019-08-26","2.8",",,W",,,"0.0",",,W,2400","0.0",",,W,2400","0.0",",,W,2400",,,"23.3",",,W","16.1",",,W",,,"   50",",,W","   50",",,W","6.7",",,W","9.4",",,W",,,,,,,,,,,,,,
"USW00094728","NY CITY CENTRAL PARK, NY US","40.77898","-73.96925","42.7","2019-08-27","1.4",",,W",,,"0.0",",,W,2400","0.0",",,W,2400","0.0",",,W,2400",,,"23.9",",,W","16.7",",,W",,,"  190",",,W","  230",",,W","3.6",",,W","6.3",",,W",,,,,,,,,,,,,,
"USW00094728","NY CITY CENTRAL PARK, NY US","40.77898","-73.96925","42.7","2019-08-28","1.7",",,W",,,"2.0",",,W,2400","0.0",",,W,2400","0.0",",,W,2400",,,"23.3",",,W","19.4",",,W",,,"   60",",,W","   40",",,W","4.5",",,W","6.7",",,W","    1",",,W",,,,,,,,,,,"    1",",,W"
"USW00094728","NY CITY CENTRAL PARK, NY US","40.77898","-73.96925","42.7","2019-08-29","1.8",",,W",,,"0.0",",,W,2400","0.0",",,W,2400","0.0",",,W,2400",,,"27.2",",,W","18.3",",,W",,,"  280",",,W","  290",",,W","6.3",",,W","9.8",",,W",,,,,,,,,,,,,,
"USW00094728","NY CITY CENTRAL PARK, NY US","40.77898","-73.96925","42.7","2019-08-30","1.8",",,W",,,"0.0",",,W,2400","0.0",",,W,2400","0.0",",,W,2400",,,"30.0",",,W","19.4",",,W",,,"  220",",,W","  240",",,W","6.7",",,W","10.3",",,W",,,,,,,,,,,,,,
"USW00094728","NY CITY CENTRAL PARK, NY US","40.77898","-73.96925","42.7","2019-08-31","2.6",",,W",,,"0.0",",,W,2400","0.0",",,W,2400","0.0",",,W,2400",,,"27.2",",,W","20.6",",,W",,,"   50",",,W","   40",",,W","5.8",",,W","8.5",",,W",,,,,,,,,,,,,,
"USW00094728","NY CITY CENTRAL PARK, NY US","40.77898","-73.96925","42.7","2019-09-01","2.0",",,W",,,"0.0",",,W,2400","0.0",",,W,2400","0.0",",,W,2400",,,"25.6",",,W","17.2",",,W",,,"   50",",,W","  160",",,W","5.4",",,W","6.7",",,W",,,,,,,,,,,,,,
"USW00094728","NY CITY CENTRAL PARK, NY US","40.77898","-73.96925","42.7","2019-09-02","1.1",",,W",,,"7.6",",,W,2400","0.0",",,W,2400","0.0",",,W,2400",,,"23.3",",,W","20.6",",,W",,,"  150",",,W","  140",",,W","4.0",",,W","7.6",",,W","    1",",,W",,,"    1",",,W",,,,,,,,
"USW00094728","NY CITY CENTRAL PARK, NY US","40.77898","-73.96925","42.7","2019-09-03","1.5",",,W",,,"0.0",",,W,2400","0.0",",,W,2400","0.0",",,W,2400",,,"27.8",",,W","19.4",",,W",,,"   50",",,W","  140",",,W","4.0",",,W","6.3",",,W",,,,,,,,,,,,,,
"USW00094728","NY CITY CENTRAL PARK, NY US","40.77898","-73.96925","42.7","2019-09-04","1.7",",,W",,,"0.0",",,W,2400","0.0",",,W,2400","0.0",",,W,2400",,,"30.6",",,W","20.0",",,W",,,"  350",",,W","  230",",,W","5.4",",,W","8.5",",,W",,,,,"    1",",,W",,,,,,,,
"USW00094728","NY CITY CENTRAL PARK, NY US","40.77898","-73.96925","42.7","2019-09-05","2.3",",,W",,,"0.0",",,W,2400","0.0",",,W,2400","0.0",",,W,2400",,,"23.3",",,W","18.3",",,W",,,"   40",",,W","   60",",,W","6.7",",,W","10.7",",,W",,,,,,,,,,,,,,
"USW00094728","NY CITY CENTRAL PARK, NY US","40.77898","-73.96925","42.7","2019-09-06","3.7",",,W",,,"8.1",",,W,2400","0.0",",,W,2400","0.0",",,W,2400",,,"19.4",",,W","14.4",",,W",,,"   60",",,W","   60",",,W","8.9",",,W","13.0",",,W","    1",",,W",,,,,,,,,,,"    1",",,W"
"USW00094728","NY CITY CENTRAL PARK, NY US","40.77898","-73.96925","42.7","2019-09-07","2.0",",,W",,,"0.5",",,W,2400","0.0",",,W,2400","0.0",",,W,2400",,,"23.9",",,W","13.3",",,W",,,"  340",",,W","  320",",,W","6.3",",,W","10.3",",,W","    1",",,W",,,,,,,,,,,,
"USW00094728","NY CITY CENTRAL PARK, NY US","40.77898","-73.96925","42.7","2019-09-08","1.0",",,W",,,"0.0",",,W,2400","0.0",",,W,2400","0.0",",,W,2400",,,"25.0",",,W","17.2",",,W",,,"   50",",,W","   40",",,W","5.8",",,W","6.7",",,W",,,,,,,,,,,,,,
"USW00094728","NY CITY CENTRAL PARK, NY US","40.77898","-73.96925","42.7","2019-09-09","2.0",",,W",,,"0.0","T,,W,2400","0.0",",,W,2400","0.0",",,W,2400",,,"25.6",",,W","17.8",",,W",,,"   50",",,W","   50",",,W","5.4",",,W","6.7",",,W",,,,,,,,,,,,,,
"USW00094728","NY CITY CENTRAL PARK, NY US","40.77898","-73.96925","42.7","2019-09-10","1.3",",,W",,,"0.3",",,W,2400","0.0",",,W,2400","0.0",",,W,2400",,,"24.4",",,W","18.9",",,W",,,"  180",",,W","  210",",,W","5.4",",,W","9.4",",,W","    1",",,W",,,,,,,,,,,,
"USW00094728","NY CITY CENTRAL PARK, NY US","40.77898","-73.96925","42.7","2019-09-11","2.3",",,W",,,"0.0",",,W,2400","0.0",",,W,2400","0.0",",,W,2400",,,"31.1",",,W","20.6",",,W",,,"  240",",,W","  270",",,W","5.8",",,W","9.4",",,W",,,,,,,,,,,,,,
"USW00094728","NY CITY CENTRAL PARK, NY US","40.77898","-73.96925","42.7","2019-09-12","2.2",",,W",,,"4.3",",,W,2400","0.0",",,W,2400","0.0",",,W,2400",,,"27.2",",,W","16.1",",,W",,,"   60",",,W","   40",",,W","6.3",",,W","8.5",",,W","    1",",,W",,,,,,,,,,,"    1",",,W"
"USW00094728","NY CITY CENTRAL PARK, NY US","40.77898","-73.96925","42.7","2019-09-13","2.9",",,W",,,"0.0",",,W,2400","0.0",",,W,2400","0.0",",,W,2400",,,"22.2",",,W","13.9",",,W",,,"   50",",,W","   50",",,W","7.2",",,W","9.4",",,W",,,,,,,,,,,,,,
"USW00094728","NY CITY CENTRAL PARK, NY US","40.77898","-73.96925","42.7","2019-09-14","1.3",",,W",,,"0.0",",,W,2400","0.0",",,W,2400","0.0",",,W,2400",,,"23.3",",,W","16.1",",,W",,,"  160",",,W","  150",",,W","4.0",",,W","8.1",",,W",,,,,,,,,,,,,,
"USW00094728","NY CITY CENTRAL PARK, NY US","40.77898","-73.96925","42.7","2019-09-15","1.0",",,W",,,"0.0",",,W,2400","0.0",",,W,2400","0.0",",,W,2400",,,"27.8",",,W","20.0",",,W",,,"  280",",,W","  270",",,W","4.0",",,W","6.3",",,W",,,,,,,,,,,,,,
"USW00094728","NY CITY CENTRAL PARK, NY US","40.77898","-73.96925","42.7","2019-09-16","0.9",",,W",,,"0.0","T,,W,2400","0.0",",,W,2400","0.0",",,W,2400",,,"25.0",",,W","20.0",",,W",,,"   60",",,W","   60",",,W","5.4",",,W","6.7",",,W",,,,,,,,,,,,,,
"USW00094728","NY CITY CENTRAL PARK, NY US","40.77898","-73.96925","42.7","2019-09-17","2.5",",,W",,,"0.0",",,W,2400","0.0",",,W,2400","0.0",",,W,2400",,,"24.4",",,W","16.7",",,W",,,"   50",",,W","   40",",,W","7.2",",,W","9.8",",,W",,,,,,,,,,,,,,
"USW00094728","NY CITY CENTRAL PARK, NY US","40.77898","-73.96925","42.7","2019-09-18","2.9",",,W",,,"0.0",",,W,2400","0.0",",,W,2400","0.0",",,W,2400",,,"20.6",",,W","13.9",",,W",,,"   50",",,W","   60",",,W","5.8",",,W","8.1",",,W",,,,,,,,,,,,,,
"USW00094728","NY CITY CENTRAL PARK, NY US","40.77898","-73.96925","42.7","2019-09-19","1.3",",,W",,,"0.0",",,W,2400","0.0",",,W,2400","0.0",",,W,2400",,,"21.1",",,W","11.1",",,W",,,"   40",",,W","   40",",,W","4.0",",,W","5.8",",,W",,,,,,,,,,,,,,
"USW00094728","NY CITY CENTRAL PARK, NY US","40.77898","-73.96925","42.7","2019-09-20","2.1",",,W",,,"0.0",",,W,2400","0.0",",,W,2400","0.0",",,W,2400",,,"25.6",",,W","13.3",",,W",,,"  270",",,W","  260",",,W","4.5",",,W","7.6",",,W",,,,,,,,,,,,,,
"USW00094728","NY CITY CENTRAL PARK, NY US","40.77898","-73.96925","42.7","2019-09-21","1.2",",,W",,,"0.0",",,W,2400","0.0",",,W,2400","0.0",",,W,2400",,,"28.9",",,W","16.1",",,W",,,"  240",",,W","  220",",,W","3.1",",,W","5.8",",,W",,,,,,,,,,,,,,
"USW00094728","NY CITY CENTRAL PARK, NY US","40.77898","-73.96925","42.7","2019-09-22","1.6",",,W",,,"0.0",",,W,2400","0.0",",,W,2400","0.0",",,W,2400",,,"30.0",",,W","19.4",",,W",,,"  220",",,W","  220",",,W","4.5",",,W","7.6",",,W",,,,,,,,,,,,,"    1",",,W"
"USW00094728","NY CITY CENTRAL PARK, NY US","40.77898","-73.96925","42.7","2019-09-23","2.4",",,W",,,"2.8",",,W,2400","0.0",",,W,2400","0.0",",,W,2400",,,"31.7",",,W","21.1",",,W",,,"  280",",,W","  240",",,W","5.8",",,W","9.8",",,W","    1",",,W",,,,,,,,,,,,
"USW00094728","NY CITY CENTRAL PARK, NY US","40.77898","-73.96925","42.7","2019-09-24","2.6",",,W",,,"0.0",",,W,2400","0.0",",,W,2400","0.0",",,W,2400",,,"24.4",",,W","17.2",",,W",,,"  280",",,W","  270",",,W","6.7",",,W","10.3",",,W",,,,,,,,,,,,,,
"USW00094728","NY CITY CENTRAL PARK, NY US","40.77898","-73.96925","42.7","2019-09-25","1.5",",,W",,,"0.0",",,W,2400","0.0",",,W,2400","0.0",",,W,2400",,,"26.1",",,W","14.4",",,W",,,"  250",",,W","  270",",,W","4.0",",,W","6.7",",,W",,,,,,,,,,,,,,
"USW00094728","NY CITY CENTRAL PARK, NY US","40.77898","-73.96925","42.7","2019-09-26","1.6",",,W",,,"0.5",",,W,2400","0.0",",,W,2400","0.0",",,W,2400",,,"28.3",",,W","17.2",",,W",,,"  300",",,W","  300",",,W","6.7",",,W","11.2",",,W","    1",",,W",,,,,,,,,,,,
"USW00094728","NY CITY CENTRAL PARK, NY US","40.77898","-73.96925","42.7","2019-09-27","1.6",",,W",,,"0.0",",,W,2400","0.0",",,W,2400","0.0",",,W,2400",,,"24.4",",,W","15.0",",,W",,,"  140",",,W","  160",",,W","4.5",",,W","7.6",",,W",,,,,,,,,,,,,,
"USW00094728","NY CITY CENTRAL PARK, NY US","40.77898","-73.96925","42.7","2019-09-28","1.3",",,W",,,"0.0",",,W,2400","0.0",",,W,2400","0.0",",,W,2400",,,"27.8",",,W","18.3",",,W",,,"  220",",,W","  210",",,W","4.0",",,W","6.7",",,W",,,,,,,,,,,,,,
"USW00094728","NY CITY CENTRAL PARK, NY US","40.77898","-73.96925","42.7","2019-09-29","2.8",",,W",,,"0.0",",,W,2400","0.0",",,W,2400","0.0",",,W,2400",,,"26.7",",,W","18.3",",,W",,,"   60",",,W","   20",",,W","6.3",",,W","10.7",",,W",,,,,,,,,,,,,,
"USW00094728","NY CITY CENTRAL PARK, NY US","40.77898","-73.96925","42.7","2019-09-30","3.1",",,W",,,"0.0",",,W,2400","0.0",",,W,2400","0.0",",,W,2400",,,"21.7",",,W","15.6",",,W",,,"   50",",,W","   60",",,W","6.3",",,W","9.4",",,W",,,,,,,,,,,,,,
"USW00094728","NY CITY CENTRAL PARK, NY US","40.77898","-73.96925","42.7","2019-10-01","1.7",",,W",,,"0.0",",,W,2400","0.0",",,W,2400","0.0",",,W,2400",,,"27.2",",,W","17.2",",,W",,,"  220",",,W","  220",",,W","5.8",",,W","10.7",",,W",,,,,,,,,,,,,,
"USW00094728","NY CITY CENTRAL PARK, NY US","40.77898","-73.96925","42.7","2019-10-02","2.9",",,W",,,"0.8",",,W,2400","0.0",",,W,2400","0.0",",,W,2400",,,"33.9",",,W","17.2",",,W",,,"  240",",,W","  230",",,W","6.3",",,W","9.8",",,W","    1",",,W",,,,,,,,,,,,
"USW00094728","NY CITY CENTRAL PARK, NY US","40.77898","-73.96925","42.7","2019-10-03","2.8",",,W",,,"8.6",",,W,2400","0.0",",,W,2400","0.0",",,W,2400",,,"17.2",",,W","11.7",",,W",,,"   50",",,W","   30",",,W","6.7",",,W","10.3",",,W","    1",",,W",,,,,,,,,,,,
"USW00094728","NY CITY CENTRAL PARK, NY US","40.77898","-73.96925","42.7","2019-10-04","3.1",",,W",,,"0.0","T,,W,2400","0.0",",,W,2400","0.0",",,W,2400",,,"18.9",",,W","10.0",",,W",,,"   40",",,W","   50",",,W","8.1",",,W","12.5",",,W","    1",",,W",,,,,,,,,,,,
"USW00094728","NY CITY CENTRAL PARK, NY US","40.77898","-73.96925","42.7","2019-10-05","2.2",",,W",,,"0.0",",,W,2400","0.0",",,W,2400","0.0",",,W,2400",,,"16.1",",,W","7.2",",,W",,,"   30",",,W","   20",",,W","5.8",",,W","9.8",",,W",,,,,,,,,,,,,,
"USW00094728","NY CITY CENTRAL PARK, NY US","40.77898","-73.96925","42.7","2019-10-06","1.3",",,W",,,"0.3",",,W,2400","0.0",",,W,2400","0.0",",,W,2400",,,"21.1",",,W","13.9",",,W",,,"  160",",,W","  200",",,W","4.5",",,W","8.5",",,W",,,,,,,,,,,,,,
"USW00094728","NY CITY CENTRAL PARK, NY US","40.77898","-73.96925","42.7","2019-10-07","1.8",",,W",,,"5.1",",,W,2400","0.0",",,W,2400","0.0",",,W,2400",,,"26.1",",,W","15.0",",,W",,,"  260",",,W","  230",",,W","5.8",",,W","9.8",",,W","    1",",,W",,,,,,,,,,,,
"USW00094728","NY CITY CENTRAL PARK, NY US","40.77898","-73.96925","42.7","2019-10-08","3.5",",,W",,,"0.5",",,W,2400","0.0",",,W,2400","0.0",",,W,2400",,,"17.8",",,W","13.9",",,W",,,"   50",",,W","   40",",,W","7.2",",,W","11.6",",,W","    1",",,W",,,,,,,,,,,,
"USW00094728","NY CITY CENTRAL PARK, NY US","40.77898","-73.96925","42.7","2019-10-09","4.7",",,W",,,"13.7",",,W,2400","0.0",",,W,2400","0.0",",,W,2400",,,"15.0",",,W","10.6",",,W",,,"   40",",,W","   30",",,W","7.6",",,W","11.6",",,W","    1",",,W",,,,,,,,,,,,
"USW00094728","NY CITY CENTRAL PARK, NY US","40.77898","-73.96925","42.7","2019-10-10","4.3",",,W",,,"0.0","T,,W,2400","0.0",",,W,2400","0.0",",,W,2400",,,"21.7",",,W","11.7",",,W",,,"   60",",,W","   50",",,W","7.6",",,W","12.5",",,W",,,,,,,,,,,,,,
"USW00094728","NY CITY CENTRAL PARK, NY US","40.77898","-73.96925","42.7","2019-10-11","4.1",",,W",,,"0.0",",,W,2400","0.0",",,W,2400","0.0",",,W,2400",,,"17.8",",,W","12.8",",,W",,,"   50",",,W","   50",",,W","8.9",",,W","13.0",",,W",,,,,,,,,,,,,,
"USW00094728","NY CITY CENTRAL PARK, NY US","40.77898","-73.96925","42.7","2019-10-12","1.6",",,W",,,"0.0",",,W,2400","0.0",",,W,2400","0.0",",,W,2400",,,"19.4",",,W","12.8",",,W",,,"   40",",,W","   20",",,W","5.4",",,W","7.2",",,W",,,,,,,,,,,,,,
"USW00094728","NY CITY CENTRAL PARK, NY US","40.77898","-73.96925","42.7","2019-10-13","0.9",",,W",,,"0.0","T,,W,2400","0.0",",,W,2400","0.0",",,W,2400",,,"19.4",",,W","11.7",",,W",,,"   50",",,W","  280",",,W","3.6",",,W","5.4",",,W",,,,,,,,,,,,,,
"USW00094728","NY CITY CENTRAL PARK, NY US","40.77898","-73.96925","42.7","2019-10-14","1.8",",,W",,,"0.0",",,W,2400","0.0",",,W,2400","0.0",",,W,2400",,,"22.2",",,W","14.4",",,W",,,"  240",",,W","  230",",,W","6.7",",,W","10.3",",,W",,,,,,,,,,,,,,
"USW00094728","NY CITY CENTRAL PARK, NY US","40.77898","-73.96925","42.7","2019-10-15","1.3",",,W",,,"0.0",",,W,2400","0.0",",,W,2400","0.0",",,W,2400",,,"17.8",",,W","10.6",",,W",,,"   50",",,W","   50",",,W","4.0",",,W","5.8",",,W",,,,,,,,,,,,,,
"USW00094728","NY CITY CENTRAL PARK, NY US","40.77898","-73.96925","42.7","2019-10-16","2.9",",,W",,,"46.5",",,W,2400","0.0",",,W,2400","0.0",",,W,2400",,,"18.9",",,W","11.1",",,W",,,"  280",",,W","  270",",,W","9.4",",,W","17.4",",,W","    1",",,W",,,,,,,,,,,,
"USW00094728","NY CITY CENTRAL PARK, NY US","40.77898","-73.96925","42.7","2019-10-17","5.2",",,W",,,"0.0",",,W,2400","0.0",",,W,2400","0.0",",,W,2400",,,"13.9",",,W","10.6",",,W",,,"  270",",,W","  270",",,W","10.3",",,W","18.3",",,W",,,,,,,,,,,,,,
"USW00094728","NY CITY CENTRAL PARK, NY US","40.77898","-73.96925","42.7","2019-10-18","3.9",",,W",,,"0.0",",,W,2400","0.0",",,W,2400","0.0",",,W,2400",,,"14.4",",,W","8.3",",,W",,,"  300",",,W","  290",",,W","7.6",",,W","13.9",",,W",,,,,,,,,,,,,,
"USW00094728","NY CITY CENTRAL PARK, NY US","40.77898","-73.96925","42.7","2019-10-19","1.2",",,W",,,"0.0",",,W,2400","0.0",",,W,2400","0.0",",,W,2400",,,"15.6",",,W","6.1",",,W",,,"  240",",,W","  240",",,W","4.0",",,W","5.8",",,W",,,,,,,,,,,,,,
"USW00094728","NY CITY CENTRAL PARK, NY US","40.77898","-73.96925","42.7","2019-10-20","2.0",",,W",,,"13.7",",,W,2400","0.0",",,W,2400","0.0",",,W,2400",,,"15.0",",,W","9.4",",,W",,,"   40",",,W","   50",",,W","6.3",",,W","8.5",",,W","    1",",,W",,,,,,,,,,,,
"USW00094728","NY CITY CENTRAL PARK, NY US","40.77898","-73.96925","42.7","2019-10-21","1.8",",,W",,,"0.0","T,,W,2400","0.0",",,W,2400","0.0",",,W,2400",,,"19.4",",,W","10.6",",,W",,,"   40",",,W","   20",",,W","5.4",",,W","8.1",",,W",,,,,,,,,,,,,,
"USW00094728","NY CITY CENTRAL PARK, NY US","40.77898","-73.96925","42.7","2019-10-22","2.0",",,W",,,"14.5",",,W,2400","0.0",",,W,2400","0.0",",,W,2400",,,"17.2",",,W","12.8",",,W",,,"  140",",,W","  140",",,W","5.8",",,W","9.8",",,W","    1",",,W",,,,,,,,,,,"    1",",,W"
"USW00094728","NY CITY CENTRAL PARK, NY US","40.77898","-73.96925","42.7","2019-10-23","2.8",",,W",,,"0.3",",,W,2400","0.0",",,W,2400","0.0",",,W,2400",,,"18.3",",,W","12.2",",,W",,,"  280",",,W","  280",",,W","6.7",",,W","10.3",",,W","    1",",,W",,,,,,,,,,,,
"USW00094728","NY CITY CENTRAL PARK, NY US","40.77898","-73.96925","42.7","2019-10-24","1.4",",,W",,,"0.0",",,W,2400","0.0",",,W,2400","0.0",",,W,2400",,,"19.4",",,W","10.0",",,W",,,"  250",",,W","  230",",,W","5.4",",,W","9.4",",,W",,,,,,,,,,,,,,
"USW00094728","NY CITY CENTRAL PARK, NY US","40.77898","-73.96925","42.7","2019-10-25","1.3",",,W",,,"0.0",",,W,2400","0.0",",,W,2400","0.0",",,W,2400",,,"18.3",",,W","11.1",",,W",,,"  240",",,W","  230",",,W","4.5",",,W","7.6",",,W",,,,,,,,,,,,,,
"USW00094728","NY CITY CENTRAL PARK, NY US","40.77898","-73.96925","42.7","2019-10-26","1.5",",,W",,,"0.3",",,W,2400","0.0",",,W,2400","0.0",",,W,2400",,,"17.2",",,W","11.1",",,W",,,"   40",",,W","   40",",,W","5.4",",,W","7.6",",,W",,,,,,,,,,,,,,
"USW00094728","NY CITY CENTRAL PARK, NY US","40.77898","-73.96925","42.7","2019-10-27","2.2",",,W",,,"35.1",",,W,2400","0.0",",,W,2400","0.0",",,W,2400",,,"19.4",",,W","12.8",",,W",,,"  140",",,W","  120",",,W","6.3",",,W","11.2",",,W","    1",",,W",,,,,,,,,,,,
"USW00094728","NY CITY CENTRAL PARK, NY US","40.77898","-73.96925","42.7","2019-10-28","1.6",",,W",,,"0.0",",,W,2400","0.0",",,W,2400","0.0",",,W,2400",,,"17.2",",,W","12.8",",,W",,,"   40",",,W","   40",",,W","5.8",",,W","8.1",",,W","    1",",,W",,,,,,,,,,,"    1",",,W"
"USW00094728","NY CITY CENTRAL PARK, NY US","40.77898","-73.96925","42.7","2019-10-29","1.8",",,W",,,"1.8",",,W,2400","0.0",",,W,2400","0.0",",,W,2400",,,"15.0",",,W","12.2",",,W",,,"   70",",,W","  120",",,W","4.0",",,W","6.3",",,W","    1",",,W",,,,,,,,,,,,
"USW00094728","NY CITY CENTRAL PARK, NY US","40.77898","-73.96925","42.7","2019-10-30","1.4",",,W",,,"1.5",",,W,2400","0.0",",,W,2400","0.0",",,W,2400",,,"17.2",",,W","14.4",",,W",,,"   60",",,W","   40",",,W","4.5",",,W","6.7",",,W","    1",",,W",,,,,,,,,,,,
"USW00094728","NY CITY CENTRAL PARK, NY US","40.77898","-73.96925","42.7","2019-10-31","2.3",",,W",,,"13.7",",,W,2400","0.0",",,W,2400","0.0",",,W,2400",,,"21.7",",,W","15.6",",,W",,,"  240",",,W","  140",",,W","6.7",",,W","12.5",",,W","    1",",,W",,,,,,,,,,,,
"USW00094728","NY CITY CENTRAL PARK, NY US","40.77898","-73.96925","42.7","2019-11-01","4.2",",,W",,,"2.8",",,W,2400","0.0",",,W,2400","0.0",",,W,2400",,,"21.7",",,W","5.6",",,W",,,"  280",",,W","  280",",,W","9.8",",,W","15.7",",,W","    1",",,W",,,,,,,,,,,,
"USW00094728","NY CITY CENTRAL PARK, NY US","40.77898","-73.96925","42.7","2019-11-02","1.7",",,W",,,"0.0",",,W,2400","0.0",",,W,2400","0.0",",,W,2400",,,"11.7",",,W","4.4",",,W",,,"  280",",,W","  280",",,W","4.5",",,W","7.6",",,W",,,,,,,,,,,,,,
"USW00094728","NY CITY CENTRAL PARK, NY US","40.77898","-73.96925","42.7","2019-11-03","2.2",",,W",,,"0.0",",,W,2400","0.0",",,W,2400","0.0",",,W,2400",,,"12.2",",,W","5.6",",,W",,,"  280",",,W","  290",",,W","5.8",",,W","8.1",",,W",,,,,,,,,,,,,,
"USW00094728","NY CITY CENTRAL PARK, NY US","40.77898","-73.96925","42.7","2019-11-04","1.4",",,W",,,"0.0",",,W,2400","0.0",",,W,2400","0.0",",,W,2400",,,"13.3",",,W","5.0",",,W",,,"  150",",,W","  180",",,W","5.8",",,W","9.4",",,W",,,,,,,,,,,,,,
"USW00094728","NY CITY CENTRAL PARK, NY US","40.77898","-73.96925","42.7","2019-11-05","1.3",",,W",,,"0.0",",,W,2400","0.0",",,W,2400","0.0",",,W,2400",,,"16.1",",,W","10.6",",,W",,,"  280",",,W","  240",",,W","4.5",",,W","8.1",",,W",,,,,,,,,,,,,,
"USW00094728","NY CITY CENTRAL PARK, NY US","40.77898","-73.96925","42.7","2019-11-06","2.2",",,W",,,"0.0",",,W,2400","0.0",",,W,2400","0.0",",,W,2400",,,"12.2",",,W","7.2",",,W",,,"  250",",,W","  300",",,W","5.4",",,W","8.1",",,W",,,,,,,,,,,,,,
"USW00094728","NY CITY CENTRAL PARK, NY US","40.77898","-73.96925","42.7","2019-11-07","2.1",",,W",,,"2.5",",,W,2400","0.0",",,W,2400","0.0",",,W,2400",,,"13.9",",,W","5.0",",,W",,,"  220",",,W","  230",",,W","5.8",",,W","8.5",",,W","    1",",,W",,,,,,,,,,,,
"USW00094728","NY CITY CENTRAL PARK, NY US","40.77898","-73.96925","42.7","2019-11-08","3.4",",,W",,,"0.0",",,W,2400","0.0",",,W,2400","0.0",",,W,2400",,,"5.0",",,W","-1.6",",,W",,,"  300",",,W","  300",",,W","8.1",",,W","13.4",",,W",,,,,,,,,,,,,,
"USW00094728","NY CITY CENTRAL PARK, NY US","40.77898","-73.96925","42.7","2019-11-09","1.4",",,W",,,"0.0",",,W,2400","0.0",",,W,2400","0.0",",,W,2400",,,"5.0",",,W","-2.7",",,W",,,"  230",",,W","  210",",,W","5.4",",,W","9.4",",,W",,,,,,,,,,,,,,
"USW00094728","NY CITY CENTRAL PARK, NY US","40.77898","-73.96925","42.7","2019-11-10","1.7",",,W",,,"0.0",",,W,2400","0.0",",,W,2400","0.0",",,W,2400",,,"10.6",",,W","3.3",",,W",,,"  240",",,W","  210",",,W","6.3",",,W","9.4",",,W",,,,,,,,,,,,,,
"USW00094728","NY CITY CENTRAL PARK, NY US","40.77898","-73.96925","42.7","2019-11-11","1.1",",,W",,,"0.0",",,W,2400","0.0",",,W,2400","0.0",",,W,2400",,,"16.7",",,W","7.8",",,W",,,"  140",",,W","  270",",,W","4.5",",,W","9.8",",,W",,,,,,,,,,,,,,
"USW00094728","NY CITY CENTRAL PARK, NY US","40.77898","-73.96925","42.7","2019-11-12","4.2",",,W",,,"1.0",",,W,2400","0.0",",,W,2400","0.0",",,W,2400",,,"13.9",",,W","-3.8",",,W",,,"  290",",,W","  310",",,W","7.6",",,W","13.0",",,W","    1",",,W",,,,,,,,,,,,
"USW00094728","NY CITY CENTRAL PARK, NY US","40.77898","-73.96925","42.7","2019-11-13","2.4",",,W",,,"0.0",",,W,2400","0.0",",,W,2400","0.0",",,W,2400",,,"1.1",",,W","-4.9",",,W",,,"  300",",,W","  300",",,W","8.1",",,W","13.0",",,W",,,,,,,,,,,,,,
"USW00094728","NY CITY CENTRAL PARK, NY US","40.77898","-73.96925","42.7","2019-11-14","1.9",",,W",,,"0.0",",,W,2400","0.0",",,W,2400","0.0",",,W,2400",,,"7.2",",,W","-2.1",",,W",,,"  260",",,W","  230",",,W","5.4",",,W","8.9",",,W",,,,,,,,,,,,,,
"USW00094728","NY CITY CENTRAL PARK, NY US","40.77898","-73.96925","42.7","2019-11-15","1.9",",,W",,,"0.0",",,W,2400","0.0",",,W,2400","0.0",",,W,2400",,,"10.6",",,W","2.8",",,W",,,"  300",",,W","  290",",,W","5.4",",,W","8.1",",,W",,,,,,,,,,,,,,
"USW00094728","NY CITY CENTRAL PARK, NY US","40.77898","-73.96925","42.7","2019-11-16","4.6",",,W",,,"0.0",",,W,2400","0.0",",,W,2400","0.0",",,W,2400",,,"5.6",",,W","-0.5",",,W",,,"   60",",,W","   50",",,W","8.9",",,W","14.3",",,W",,,,,,,,,,,,,,
"USW00094728","NY CITY CENTRAL PARK, NY US","40.77898","-73.96925","42.7","2019-11-17","4.7",",,W",,,"0.0",",,W,2400","0.0",",,W,2400","0.0",",,W,2400",,,"6.1",",,W","-1.0",",,W",,,"   50",",,W","   60",",,W","8.9",",,W","12.5",",,W",,,,,,,,,,,,,,
"USW00094728","NY CITY CENTRAL PARK, NY US","40.77898","-73.96925","42.7","2019-11-18","2.7",",,W",,,"12.2",",,W,2400","0.0",",,W,2400","0.0",",,W,2400",,,"5.6",",,W","2.8",",,W",,,"   40",",,W","   50",",,W","6.7",",,W","10.3",",,W","    1",",,W",,,,,,,,,,,"    1",",,W"
"USW00094728","NY CITY CENTRAL PARK, NY US","40.77898","-73.96925","42.7","2019-11-19","2.0",",,W",,,"4.6",",,W,2400","0.0",",,W,2400","0.0",",,W,2400",,,"8.9",",,W","4.4",",,W",,,"  360",",,W","  270",",,W","5.4",",,W","7.2",",,W","    1",",,W",,,,,,,,,,,,
"USW00094728","NY CITY CENTRAL PARK, NY US","40.77898","-73.96925","42.7","2019-11-20","2.3",",,W",,,"0.0",",,W,2400","0.0",",,W,2400","0.0",",,W,2400",,,"9.4",",,W","4.4",",,W",,,"  300",",,W","  300",",,W","7.2",",,W","11.2",",,W",,,,,,,,,,,,,,
"USW00094728","NY CITY CENTRAL PARK, NY US","40.77898","-73.96925","42.7","2019-11-21","2.0",",,W",,,"0.0",",,W,2400","0.0",",,W,2400","0.0",",,W,2400",,,"11.7",",,W","3.9",",,W",,,"  220",",,W","  210",",,W","5.4",",,W","8.5",",,W",,,,,,,,,,,,,,
"USW00094728","NY CITY CENTRAL PARK, NY US","40.77898","-73.96925","42.7","2019-11-22","3.3",",,W",,,"1.8",",,W,2400","0.0",",,W,2400","0.0",",,W,2400",,,"11.7",",,W","3.3",",,W",,,"  310",",,W","  270",",,W","8.1",",,W","15.2",",,W","    1",",,W",,,,,,,,,,,,
"USW00094728","NY CITY CENTRAL PARK, NY US","40.77898","-73.96925","42.7","2019-11-23","1.9",",,W",,,"0.8",",,W,2400","0.0",",,W,2400","0.0",",,W,2400",,,"7.2",",,W","1.1",",,W",,,"  270",",,W","  280",",,W","5.4",",,W","8.1",",,W",,,,,,,,,,,,,,
"USW00094728","NY CITY CENTRAL PARK, NY US","40.77898","-73.96925","42.7","2019-11-24","3.6",",,W",,,"22.9",",,W,2400","0.0",",,W,2400","0.0",",,W,2400",,,"7.8",",,W","4.4",",,W",,,"  280",",,W","  290",",,W","7.6",",,W","13.0",",,W","    1",",,W",,,,,,,,,,,,
"USW00094728","NY CITY CENTRAL PARK, NY US","40.77898","-73.96925","42.7","2019-11-25","2.3",",,W",,,"0.0",",,W,2400","0.0",",,W,2400","0.0",",,W,2400",,,"11.7",",,W","3.9",",,W",,,"  260",",,W","  270",",,W","5.8",",,W","8.5",",,W",,,,,,,,,,,,,,
"USW00094728","NY CITY CENTRAL PARK, NY US","40.77898","-73.96925","42.7","2019-11-26","1.9",",,W",,,"0.0",",,W,2400","0.0",",,W,2400","0.0",",,W,2400",,,"16.1",",,W","6.7",",,W",,,"  220",",,W","  240",",,W","4.5",",,W","8.1",",,W",,,,,,,,,,,,,,
"USW00094728","NY CITY CENTRAL PARK, NY US","40.77898","-73.96925","42.7","2019-11-27","1.9",",,W",,,"1.0",",,W,2400","0.0",",,W,2400","0.0",",,W,2400",,,"15.0",",,W","9.4",",,W",,,"  280",",,W","  260",",,W","9.8",",,W","15.7",",,W",,,,,,,,,,,,,,
"USW00094728","NY CITY CENTRAL PARK, NY US","40.77898","-73.96925","42.7","2019-11-28","5.1",",,W",,,"0.0","T,,W,2400","0.0",",,W,2400","0.0",",,W,2400",,,"11.7",",,W","2.8",",,W",,,"  300",",,W","  310",",,W","10.3",",,W","16.5",",,W",,,,,,,,,,,,,,
"USW00094728","NY CITY CENTRAL PARK, NY US","40.77898","-73.96925","42.7","2019-11-29","2.8",",,W",,,"0.0",",,W,2400","0.0",",,W,2400","0.0",",,W,2400",,,"4.4",",,W","-1.0",",,W",,,"  300",",,W","  360",",,W","6.3",",,W","10.7",",,W",,,,,,,,,,,,,,
"USW00094728","NY CITY CENTRAL PARK, NY US","40.77898","-73.96925","42.7","2019-11-30","1.9",",,W",,,"0.0",",,W,2400","0.0",",,W,2400","0.0",",,W,2400",,,"6.1",",,W","-0.5",",,W",,,"  340",",,W","  330",",,W","5.8",",,W","7.6",",,W",,,,,,,,,,,,,,
"USW00094728","NY CITY CENTRAL PARK, NY US","40.77898","-73.96925","42.7","2019-12-01","4.4",",,W",,,"15.7",",,W,2400","0.0","T,,W,2400","0.0",",,W,2400",,,"3.9",",,W","-1.0",",,W",,,"   50",",,W","   80",",,W","10.3",",,W","15.7",",,W","    1",",,W",,,,,,,,,"    1",",,W",,
"USW00094728","NY CITY CENTRAL PARK, NY US","40.77898","-73.96925","42.7","2019-12-02","3.8",",,W",,,"12.2",",,W,2400","33.0",",,W,2400","0.0",",,W,2400",,,"2.8",",,W","-0.5",",,W",,,"   40",",,W","   30",",,W","8.9",",,W","13.4",",,W","    1",",,W",,,,,,,,,,,,
"USW00094728","NY CITY CENTRAL PARK, NY US","40.77898","-73.96925","42.7","2019-12-03","3.2",",,W",,,"0.5",",,W,2400","8.0",",,W,2400","30.0",",,W,2400",,,"2.2",",,W","-1.0",",,W",,,"  310",",,W","  280",",,W","7.6",",,W","13.4",",,W","    1",",,W",,,,,,,,,,,,
"USW00094728","NY CITY CENTRAL PARK, NY US","40.77898","-73.96925","42.7","2019-12-04","2.4",",,W",,,"0.0","T,,W,2400","0.0",",,W,2400","0.0",",,W,2400",,,"3.9",",,W","0.0",",,W",,,"  250",",,W","  220",",,W","5.8",",,W","8.9",",,W",,,,,,,,,,,,,"    1",",,W"
"USW00094728","NY CITY CENTRAL PARK, NY US","40.77898","-73.96925","42.7","2019-12-05","4.2",",,W",,,"0.0",",,W,2400","0.0",",,W,2400","0.0",",,W,2400",,,"5.6",",,W","2.2",",,W",,,"  270",",,W","  280",",,W","8.9",",,W","14.8",",,W",,,,,,,,,,,,,,
"USW00094728","NY CITY CENTRAL PARK, NY US","40.77898","-73.96925","42.7","2019-12-06","3.3",",,W",,,"0.0",",,W,2400","0.0",",,W,2400","0.0",",,W,2400",,,"10.0",",,W","1.1",",,W",,,"  300",",,W","  300",",,W","8.9",",,W","13.4",",,W",,,,,,,,,,,,,,
"USW00094728","NY CITY CENTRAL PARK, NY US","40.77898","-73.96925","42.7","2019-12-07","3.1",",,W",,,"0.0",",,W,2400","0.0",",,W,2400","0.0",",,W,2400",,,"3.3",",,W","-1.0",",,W",,,"  300",",,W","  290",",,W","6.7",",,W","10.3",",,W",,,,,,,,,,,,,,
"USW00094728","NY CITY CENTRAL PARK, NY US","40.77898","-73.96925","42.7","2019-12-08","1.2",",,W",,,"0.0",",,W,2400","0.0",",,W,2400","0.0",",,W,2400",,,"7.8",",,W","-2.1",",,W",,,"  180",",,W","  150",",,W","4.5",",,W","8.5",",,W",,,,,,,,,,,,,,
"USW00094728","NY CITY CENTRAL PARK, NY US","40.77898","-73.96925","42.7","2019-12-09","2.0",",,W",,,"39.9",",,W,2400","0.0",",,W,2400","0.0",",,W,2400",,,"12.8",",,W","5.6",",,W",,,"  240",",,W","  250",",,W","6.3",",,W","10.7",",,W","    1",",,W",,,,,,,,,,,,
"USW00094728","NY CITY CENTRAL PARK, NY US","40.77898","-73.96925","42.7","2019-12-10","3.1",",,W",,,"3.3",",,W,2400","0.0",",,W,2400","0.0",",,W,2400",,,"14.4",",,W","3.9",",,W",,,"  280",",,W","  270",",,W","7.6",",,W","12.5",",,W","    1",",,W",,,,,,,,,,,,
"USW00094728","NY CITY CENTRAL PARK, NY US","40.77898","-73.96925","42.7","2019-12-11","2.8",",,W",,,"6.6",",,W,2400","5.0",",,W,2400","0.0","T,,W,2400",,,"4.4",",,W","-0.5",",,W",,,"  270",",,W","  240",",,W","7.6",",,W","13.0",",,W","    1",",,W",,,,,,,,,,,,
"USW00094728","NY CITY CENTRAL PARK, NY US","40.77898","-73.96925","42.7","2019-12-12","2.1",",,W",,,"0.0",",,W,2400","0.0",",,W,2400","0.0",",,W,2400",,,"2.2",",,W","-3.2",",,W",,,"  340",",,W","  340",",,W","6.7",",,W","8.9",",,W",,,,,,,,,,,,,,
"USW00094728","NY CITY CENTRAL PARK, NY US","40.77898","-73.96925","42.7","2019-12-13","2.6",",,W",,,"20.6",",,W,2400","0.0",",,W,2400","0.0",",,W,2400",,,"8.9",",,W","0.6",",,W",,,"   50",",,W","   60",",,W","6.3",",,W","8.1",",,W","    1",",,W",,,,,,,,,,,"    1",",,W"
"USW00094728","NY CITY CENTRAL PARK, NY US","40.77898","-73.96925","42.7","2019-12-14","2.7",",,W",,,"29.5",",,W,2400","0.0",",,W,2400","0.0",",,W,2400",,,"13.3",",,W","7.2",",,W",,,"  250",",,W","  230",",,W","8.9",",,W","13.4",",,W","    1",",,W",,,,,,,,,,,,
"USW00094728","NY CITY CENTRAL PARK, NY US","40.77898","-73.96925","42.7","2019-12-15","4.3",",,W",,,"0.0",",,W,2400","0.0",",,W,2400","0.0",",,W,2400",,,"9.4",",,W","2.8",",,W",,,"  270",",,W","  280",",,W","9.4",",,W","17.4",",,W",,,,,,,,,,,,,,
"USW00094728","NY CITY CENTRAL PARK, NY US","40.77898","-73.96925","42.7","2019-12-16","1.7",",,W",,,"2.5",",,W,2400","0.0",",,W,2400","0.0",",,W,2400",,,"2.8",",,W","0.6",",,W",,,"  310",",,W","  260",",,W","5.4",",,W","8.9",",,W","    1",",,W",,,,,,,,,"    1",",,W",,
"USW00094728","NY CITY CENTRAL PARK, NY US","40.77898","-73.96925","42.7","2019-12-17","3.9",",,W",,,"22.9",",,W,2400","0.0",",,W,2400","0.0",",,W,2400",,,"1.7",",,W","0.0",",,W",,,"   60",",,W","   50",",,W","7.6",",,W","11.6",",,W","    1",",,W",,,,,,,,,"    1",",,W",,
"USW00094728","NY CITY CENTRAL PARK, NY US","40.77898","-73.96925","42.7","2019-12-18","4.0",",,W",,,"0.8",",,W,2400","18.0",",,W,2400","0.0",",,W,2400",,,"2.2",",,W","-6.0",",,W",,,"  300",",,W","  310",",,W","8.9",",,W","13.9",",,W","    1",",,W",,,,,,,,,,,"    1",",,W"
"USW00094728","NY CITY CENTRAL PARK, NY US","40.77898","-73.96925","42.7","2019-12-19","4.7",",,W",,,"0.0",",,W,2400","0.0",",,W,2400","0.0","T,,W,2400",,,"-3.8",",,W","-8.8",",,W",,,"  280",",,W","  270",",,W","8.9",",,W","14.3",",,W",,,,,,,,,,,,,,
"USW00094728","NY CITY CENTRAL PARK, NY US","40.77898","-73.96925","42.7","2019-12-20","2.7",",,W",,,"0.0",",,W,2400","0.0",",,W,2400","0.0","T,,W,2400",,,"0.6",",,W","-5.5",",,W",,,"  360",",,W","  290",",,W","5.4",",,W","8.1",",,W",,,,,,,,,,,,,,
"USW00094728","NY CITY CENTRAL PARK, NY US","40.77898","-73.96925","42.7","2019-12-21","1.3",",,W",,,"0.0",",,W,2400","0.0",",,W,2400","0.0",",,W,2400",,,"1.7",",,W","-4.9",",,W",,,"   20",",,W","   10",",,W","5.8",",,W","8.9",",,W",,,,,,,,,,,,,,
"USW00094728","NY CITY CENTRAL PARK, NY US","40.77898","-73.96925","42.7","2019-12-22","2.1",",,W",,,"0.0",",,W,2400","0.0",",,W,2400","0.0",",,W,2400",,,"7.8",",,W","-1.0",",,W",,,"  220",",,W","  230",",,W","6.3",",,W","9.4",",,W",,,,,,,,,,,,,"    1",",,W"
"USW00094728","NY CITY CENTRAL PARK, NY US","40.77898","-73.96925","42.7","2019-12-23","2.1",",,W",,,"0.0",",,W,2400","0.0",",,W,2400","0.0",",,W,2400",,,"13.9",",,W","5.0",",,W",,,"  240",",,W","  240",",,W","6.3",",,W","9.4",",,W",,,,,,,,,,,,,,
"USW00094728","NY CITY CENTRAL PARK, NY US","40.77898","-73.96925","42.7","2019-12-24","2.6",",,W",,,"0.0",",,W,2400","0.0",",,W,2400","0.0",",,W,2400",,,"8.3",",,W","2.2",",,W",,,"  360",",,W","   30",",,W","6.7",",,W","9.4",",,W",,,,,,,,,,,,,,
"USW00094728","NY CITY CENTRAL PARK, NY US","40.77898","-73.96925","42.7","2019-12-25","1.6",",,W",,,"0.0",",,W,2400","0.0",",,W,2400","0.0",",,W,2400",,,"8.3",",,W","0.0",",,W",,,"  220",",,W","  230",",,W","4.0",",,W","6.3",",,W",,,,,,,,,,,,,,
"USW00094728","NY CITY CENTRAL PARK, NY US","40.77898","-73.96925","42.7","2019-12-26","2.6",",,W",,,"0.0",",,W,2400","0.0",",,W,2400","0.0",",,W,2400",,,"7.8",",,W","2.2",",,W",,,"   50",",,W","   60",",,W","5.8",",,W","7.6",",,W","    1",",,W",,,,,,,,,,,"    1",",,W"
"USW00094728","NY CITY CENTRAL PARK, NY US","40.77898","-73.96925","42.7","2019-12-27","2.0",",,W",,,"0.0",",,W,2400","0.0",",,W,2400","0.0",",,W,2400",,,"12.2",",,W","7.8",",,W",,,"  250",",,W","  210",",,W","6.3",",,W","9.4",",,W",,,,,,,,,,,,,,
"USW00094728","NY CITY CENTRAL PARK, NY US","40.77898","-73.96925","42.7","2019-12-28","1.8",",,W",,,"0.0",",,W,2400","0.0",",,W,2400","0.0",",,W,2400",,,"10.6",",,W","6.1",",,W",,,"  300",",,W","  290",",,W","4.5",",,W","8.1",",,W","    1",",,W",,,,,,,,,,,"    1",",,W"
"USW00094728","NY CITY CENTRAL PARK, NY US","40.77898","-73.96925","42.7","2019-12-29","2.2",",,W",,,"6.4",",,W,2400","0.0",",,W,2400","0.0",",,W,2400",,,"6.7",",,W","3.9",",,W",,,"   90",",,W","   80",",,W","4.5",",,W","5.8",",,W","    1",",,W",,,,,,,,,,,,
"USW00094728","NY CITY CENTRAL PARK, NY US","40.77898","-73.96925","42.7","2019-12-30","5.7",",,W",,,"18.8",",,W,2400","0.0","T,,W,2400","0.0",",,W,2400",,,"5.0",",,W","2.8",",,W",,,"   70",",,W","   60",",,W","11.2",",,W","17.4",",,W","    1",",,W",,,,,,,,,,,,
"USW00094728","NY CITY CENTRAL PARK, NY US","40.77898","-73.96925","42.7","2019-12-31","2.3",",,W",,,"0.5",",,W,2400","0.0",",,W,2400","0.0",",,W,2400",,,"7.2",",,W","2.2",",,W",,,"   40",",,W","   30",",,W","7.2",",,W","10.7",",,W","    1",",,W",,,,,,,,,,,,
